0.3045227,1
0,1
0.07116713,1
0.09780388,1
0,1
0,1
0.2970766,1
-0.005,1
0.007870361,1
0.09186562,1
-0.005,1
-0.005,1
0.2885836,1
-0.009942438,1
-0.01090269,1
0.0857644,1
0.01793293,1
-0.009942438,1
0.2802742,1
0.185172,1
0.0583242,1
0.07953996,1
0.03954773,1
-0.01482799,1
0.272777,1
-0.02183942,1
0.04972247,1
0.073774,1
-0.02060284,1
-0.01965734,1
0.2646478,1
0.1734118,1
0.04708677,1
0.06779306,1
0.02933069,1
-0.02443118,1
0.2566778,1
-0.03348493,1
-0.005729716,1
0.06195971,1
0.07337937,1
-0.02915021,1
0.249679,1
-0.03810018,1
-0.03748866,1
0.05655997,1
-0.008664474,1
-0.0338151,1
0.2410049,1
-0.04266266,1
0.005115267,1
0.0504894,1
-0.009644624,1
-0.03842658,1
0.2345059,1
-0.04717306,1
0.02405012,1
0.04522377,1
-0.04632908,1
-0.04298533,1
0.226444,1
-0.05163209,1
-0.02556871,1
0.0395062,1
0.05328464,1
-0.04749205,1
0.2179561,1
-0.05604044,1
0.01947759,1
0.03374029,1
-0.05640812,1
-0.05194744,1
0.2106382,1
-0.06039881,1
0.01425349,1
0.02835262,1
-0.06076232,1
-0.05635221,1
0.2035391,1
-0.06470789,1
-0.06748772,1
0.02312064,1
0.03861003,1
-0.06070705,1
0.198472,1
-0.06896838,1
-0.05803448,1
0.01844093,1
-0.07051065,1
-0.06501265,1
0.1880133,1
-0.07318096,1
-0.07605273,1
0.01250334,1
-0.02488077,1
-0.0692697,1
0.1809745,1
-0.07734632,1
-0.08018599,1
0.00735943,1
-0.02959463,1
-0.0734789,1
0.04874998,0
0.1745303,1
-0.08146513,1
-0.08427316,1
0.002348028,1
0.07875651,1
-0.07764092,1
0.1694914,1
0.1144619,1
-0.01421353,1
-0.002335668,1
-0.01307454,1
-0.08175645,1
0.1601273,1
-0.09182619,1
0.06410733,1
-0.007673517,1
-0.06999554,1
-0.08582616,1
0.1551926,1
-0.09578448,1
-0.0517107,1
-0.01239382,1
-0.04502614,1
-0.08985072,1
0.1466134,1
0.1003007,1
-0.0204732,1
-0.01747549,1
0.05152449,1
-0.09383078,1
0.1411826,1
-0.1058339,1
-0.03147884,1
-0.02224816,1
-0.08689552,1
-0.09776701,1
-0.03846326,0
-0.02683551,0
0.1357062,1
-0.109639,1
-0.05866098,1
-0.0001370981,1
0.01317412,1
-0.1016601,1
0.1282508,1
-0.1134029,1
-0.0898146,1
-0.005353868,1
0.007617466,1
-0.1055106,1
0.08287382,0
0.04993758,0
-0.01003928,0
0.1233547,1
-0.09683971,1
-0.0004899725,1
0.01570271,1
-0.1011476,1
-0.1093192,1
0.03519219,0
0.01031474,0
0.1137025,1
-0.1007429,1
-0.04164854,1
0.03478367,1
-0.02538112,1
-0.1130865,1
0.1074226,1
-0.1046034,1
-0.04617051,1
0.02938406,1
-0.03008924,1
-0.1168132,1
0.1017385,1
-0.1084219,1
-0.06266528,1
0.02363464,1
-0.06454077,1
-0.1204999,1
0.09481934,1
-0.112199,1
0.0235965,1
0.01891783,1
-0.09758023,1
-0.1241471,1
0.08874471,1
-0.1159352,1
0.01832511,1
0.01370016,1
-0.1014753,1
-0.1277555,1
0.08258869,1
-0.1196313,1
0.01534772,1
0.008509189,1
-0.01895183,1
-0.1313257,1
0.07664914,1
-0.1232878,1
0.01017109,1
0.003411233,1
-0.02373378,1
-0.1348582,1
0.0709997,1
0.07309468,1
-0.08772473,1
-0.001474708,1
-0.1056246,1
-0.07835363,1
-0.09172828,0
-0.006457731,0
0.06868088,1
-0.132739,1
-0.06152512,1
0.01890525,1
-0.1118169,1
-0.1424612,1
0.06341897,1
-0.1362567,1
-0.05213904,1
0.01374681,1
-0.1434326,1
-0.1458775,1
-0.01416411,0
0.008741781,0
0.3602625,0
0.01165096,0
0.03323863,0
-0.01607199,0
0.05654667,0
0.05490004,1
-0.1317431,1
0,1
0.0772869,1
-0.006208181,1
-0.1492584,1
0.04994676,1
-0.1352712,1
-0.005,1
0.07147224,1
-0.04809003,1
-0.1526046,1
0.04272678,1
0.06123765,1
0.06428854,1
0.06571949,1
-0.06929136,1
-0.1559166,1
0.0817049,0
0.03982583,1
-0.1444627,1
0.01114768,1
0.06012418,1
-0.03599114,1
-0.1591949,1
0.03462014,1
0.0521417,1
0.05329585,1
0.05449549,1
-0.08996356,1
-0.16244,1
0.02627096,1
-0.1534557,1
-0.02641607,1
0.04959931,1
0.0835679,1
-0.1656524,1
0.02099681,1
-0.1567591,1
-0.01908799,1
0.04329777,1
-0.07496675,1
-0.1688327,1
0.3399712,0
0.01572421,1
-0.1513868,1
0.07595096,1
0.03773835,1
0.02769974,1
-0.1719813,1
0.01054636,1
-0.1547112,1
-0.04175831,1
0.03310052,1
0.06815363,1
-0.1750987,1
0.005860358,1
-0.1580017,1
0.05930741,1
0.02768906,1
0.0264177,1
-0.1781853,1
0.05362882,0
0.02237071,0
0.000913471,1
-0.1612589,1
-0.03002915,1
0.04497058,1
-0.12531,1
-0.1812418,1
0.03551684,0
0.06547074,0
0.04067011,0
-0.001298815,1
-0.1415231,1
-0.01342448,1
0.06278668,1
-0.1508559,1
-0.1842684,1
-0.009484619,1
-0.1449491,1
-0.01826997,1
0.05750539,1
0.08355582,1
-0.1872657,1
-0.01437545,1
-0.1483396,1
-0.02305976,1
0.05184718,1
0.07760555,1
-0.1902341,1
-0.01708856,1
-0.1516953,1
0.01937887,1
0.04539345,1
-0.1621,1
-0.193174,1
0.04498346,0
0.06740323,0
-0.02029032,1
-0.111446,1
-0.01933503,1
0.04035487,1
-0.1971113,1
-0.196086,1
-0.02563649,1
-0.1151903,1
0.03337211,1
0.03472251,1
-0.199986,1
-0.1989703,1
-0.03383887,1
-0.1188944,1
0.004782304,1
0.02966768,1
0.07639293,1
-0.2018274,1
-0.03845006,1
-0.1225588,1
-0.0002727509,1
0.02432665,1
0.07052238,1
-0.2046578,1
-0.04302111,1
-0.1261841,1
0.03731489,1
0.01870149,1
-0.1934609,1
-0.2074618,1
0.3702291,0
0.03539167,0
0.01395277,0
-0.04738963,1
0.37792,1
-0.03168421,1
0.03822466,1
-0.0396253,1
-0.1902398,1
-0.05132586,1
-0.1305874,1
0.1169311,1
0.03174137,1
-0.2193382,1
-0.2131797,1
-0.009292901,0
0.3658724,0
-0.05574816,1
-0.1263053,1
-0.04664223,1
0.02727156,1
0.07179849,1
-0.2159052,1
-0.06010985,1
-0.1298908,1
-0.05110729,1
0.021958,1
0.06597933,1
-0.2186058,1
0.6165615,0
-0.06509683,1
0.06932323,1
-0.0555216,1
0.01674117,1
0.006940022,1
-0.1212821,1
0.06353183,0
-0.06891513,1
-0.1150995,1
0.00831287,1
0.01140632,1
0.05812643,1
-0.224921,1
-0.07289085,1
-0.1188045,1
0.0406049,1
0.006548084,1
-0.02516697,1
-0.2275406,1
0.07753012,0
0.07150123,0
0.001080133,0
-0.04952681,0
0.02644002,0
-0.07706007,1
-0.1018861,1
-0.02168812,1
0.04972379,1
0.04476978,1
-0.2301369,1
-0.08053431,1
-0.1057341,1
-0.02643863,1
0.04328024,1
-0.09100965,1
-0.2327104,1
0.09045971,0
-0.08570328,1
-0.08967355,1
0.08070904,1
0.03805933,1
-0.04917316,1
-0.2352612,1
-0.08702618,1
-0.09365557,1
-0.01022836,1
0.03263075,1
-0.1359615,1
-0.2377898,1
-0.09309325,1
0.1024063,1
0.006337684,1
0.02759489,1
-0.01842116,1
-0.2202965,1
-0.0232092,0
0.04003258,0
-0.09729841,1
0.09624865,1
0.05314622,1
0.02279641,1
-0.08281118,1
-0.2229575,1
-0.101711,1
0.09015834,1
0.09111533,1
0.01671091,1
-0.03688774,1
-0.2455946,1
-0.1057006,1
0.08413501,1
-0.0586512,1
0.01215169,1
-0.09410714,1
-0.2480344,1
-0.1081616,1
-0.1218217,1
0.04790117,1
0.006565131,1
0.03651708,1
-0.2504534,1
-0.1119415,1
-0.1254548,1
0.04235191,1
0.00148955,1
0.03109765,1
-0.2528522,1
-0.1163036,1
0.07095064,1
0.04698354,1
-0.003309652,1
0.06801385,1
-0.2552308,1
0.06514098,0
-0.005323187,0
-0.008866087,0
-0.1208085,1
-0.113581,1
0.03853099,1
0.01696401,1
-0.120976,1
-0.2575896,1
-0.1211399,1
0.08269766,1
0.0144112,1
0.01166373,1
-0.1773457,1
-0.2599289,1
-0.1266798,1
0.07675691,1
0.003560118,1
0.00665798,1
0.06998812,1
-0.262249,1
-0.1302613,1
0.07088231,1
-0.00148087,1
0.001581334,1
0.06418926,1
-0.2645501,1
-0.1349942,1
0.06507342,1
-0.07487998,1
-0.00330697,1
-0.2163791,1
-0.2068324,1
-0.1369934,1
0.05932979,1
0.01786839,1
-0.008488134,1
-2.238154E-05,1
-0.2696162,1
-0.1404665,1
0.05365095,1
0.01266279,1
-0.01339042,1
-0.005022123,1
-0.2718578,1
-0.1433307,1
0.0480364,1
-0.08937768,1
-0.01816538,1
0.0793528,1
-0.2540814,1
-0.09336296,0
-0.02295636,0
-0.1469104,1
-0.1575144,1
-0.06306985,1
0.002976313,1
-0.1615039,1
-0.2764498,1
-0.1520107,1
-0.1607765,1
-0.05532447,1
-0.001785502,1
-0.1887805,1
-0.2786371,1
-0.1532117,1
-0.1640057,1
-0.01101381,1
-0.006700955,1
-0.01158947,1
-0.2474738,1
-0.1565175,1
-0.1672024,1
-0.01588703,1
-0.01162381,1
-0.01645607,1
-0.2498977,1
0.02963282,0
0.03643131,0
-0.0164725,0
-0.1596598,1
-0.1470703,1
-0.01132453,1
0.009225406,1
-0.2492387,1
-0.2856344,1
0.349561,0
-0.1618983,1
0.05789191,1
0.08625385,1
0.004507616,1
-0.09840724,1
-0.2877502,1
0.05222932,0
-0.167837,1
-0.1257628,1
-0.06934775,1
-0.001175962,1
-0.2375039,1
-0.2898498,1
-0.1681973,1
-0.1293541,1
-0.07355607,1
-0.005496092,1
-0.2619629,1
-0.2919335,1
0.06709263,0
-0.03780865,0
-0.01042128,0
-0.1708299,1
-0.1117391,1
-0.03686382,1
0.01522604,1
-0.2921417,1
-0.2940014,1
-0.1773899,1
-0.1154803,1
0.1021358,1
0.009377323,1
-0.2915829,1
-0.2960536,1
-0.1772947,1
0.08081873,1
0.09264847,1
0.004854769,1
-0.008413911,1
-0.2980906,1
0.07489887,0
-0.1804144,1
-0.1043704,1
-0.02377193,1
-0.0002085268,1
0.04112732,1
-0.3001123,1
-0.1870742,0
0.3918086,0
-0.2821191,0
-0.1482737,1
-0.1011253,1
0.01720145,1
-0.005137004,1
0.0846467,1
-0.2295007,1
-0.1552899,1
0.3950184,1
0.01679777,1
-0.009755418,1
-0.1718645,1
-0.2654131,1
0.3864138,0
-0.1546226,1
-0.106368,1
0.01392259,1
-0.01501647,1
-0.04901698,1
-0.2676885,1
-0.1619347,1
0.3898327,1
-0.06767917,1
-0.01942489,1
-0.2664713,1
-0.2699454,1
0.08125701,0
0.07436652,0
-0.02463698,0
0.6516333,0
-0.1639483,1
0.1040026,1
-0.002656788,1
0.001693554,1
-0.01734453,1
-0.2721843,1
0.1031757,0
-0.003289968,0
0.01506904,0
-0.1683979,1
-0.1021724,1
-0.008911576,1
0.02221868,1
-0.02388051,1
-0.2744054,1
-0.06774139,0
-0.005086839,0
-0.1669252,1
-0.1060173,1
0.01253664,1
0.01660527,1
0.01059321,1
-0.2432754,1
-0.1700928,1
-0.1098204,1
0.007392354,1
0.01141419,1
0.005471259,1
-0.2457349,1
-0.17701,1
0.08641765,1
-0.02372595,1
0.006436877,1
-0.03874967,1
-0.2615068,1
-0.1759961,1
-0.1195644,1
0.06379244,1
0.001153581,1
-0.03508183,1
-0.283814,1
0.07677843,0
0.01334808,0
-0.003828935,0
-0.1833651,1
-0.1025958,1
-0.05822361,1
0.02182017,1
-0.002111822,1
-0.2859439,1
-0.1813158,1
-0.1064361,1
0.006383173,1
0.01613326,1
-0.05406088,1
-0.254724,1
-0.1887571,1
-0.1102347,1
0.04325044,1
0.01101513,1
-0.03400117,1
-0.2904204,1
-0.192014,1
-0.1139921,1
0.05267274,1
0.005901098,1
-0.02496049,1
-0.2924997,1
-0.003822476,0
0.08229091,0
0.03910646,0
0.000735037,0
0.1026098,0
-0.1896368,1
-0.07818943,1
-0.02583166,1
0.02562521,1
-0.002954215,1
-0.1945633,1
-0.03053461,0
0.02033053,0
0.06719747,0
-0.19238,1
0.1177012,1
0.07775123,1
0.04403083,1
0.08947867,1
-0.157462,1
-0.1968481,0
-0.0886217,0
-0.3007247,0
-0.1659628,1
-0.05858987,1
0.07203422,1
0.03857928,1
-0.06985202,1
-0.2607359,1
-0.1655602,1
-0.06291939,1
0.04362512,1
0.03348626,1
0.1308113,1
-0.229716,1
-0.1712355,1
-0.06720003,1
-0.0511318,1
0.02747579,1
-0.1263205,1
-0.2656265,1
-0.1727429,1
-0.07143248,1
-0.02872093,1
0.02244409,1
-0.1664542,1
-0.2679001,1
-0.1719885,1
0.1243826,1
0.06799477,1
0.0172317,1
-0.07245705,1
-0.2501554,1
0.06221829,0
0.01203341,0
-0.1750758,1
-0.08201151,1
0.004730735,1
0.03641438,1
0.04269049,1
-0.2725567,1
-0.183971,1
0.1139216,1
-0.04960387,1
0.03120334,1
-0.1006742,1
-0.2747747,1
0.1076393,0
0.1121647,0
0.02579203,0
0.1265669,0
0.03510708,0
0.04928567,0
-0.1877291,1
-0.05551934,1
-0.0003443472,1
0.07126439,1
-0.2076109,1
-0.2769752,1
-0.190165,1
-0.05988361,1
-0.01736471,1
0.06503958,1
-0.2401849,1
-0.2791584,1
-0.1870173,1
0.1358015,1
0.07186413,1
0.06000156,1
-0.05642433,1
-0.2813244,1
-0.1899881,1
0.1292871,1
0.06604423,1
0.05431513,1
-0.06077836,1
-0.2834736,1
0.1228411,0
-0.1926162,1
-0.05904751,1
-0.03373935,1
0.04854577,1
-0.01217765,1
-0.1189394,1
-0.1956501,0
0.1366282,0
-0.2692699,0
-0.1599461,1
-0.04598721,1
0.08799016,1
0.04291114,1
0.04329085,1
-0.1838248,1
-0.1631837,1
-0.05045974,1
0.08199078,1
0.03741871,1
0.03779408,1
-0.1868264,1
-0.1694518,1
0.1451186,1
0.1289341,1
0.03209019,1
0.02712658,1
-0.2564657,1
-0.1742442,1
-0.06149261,1
-0.009552866,1
0.02638355,1
-0.2904619,1
-0.2588143,1
-0.172423,1
-0.06578935,1
-0.06161629,1
0.02147955,1
-0.117358,1
-0.2611435,1
-0.175536,1
-0.07003766,1
-0.06591163,1
0.01623245,1
-0.1210389,1
-0.2634536,1
-0.1786759,1
-0.07423824,1
0.02803007,1
0.01098204,1
0.07522279,1
-0.2657449,1
-0.1817276,1
-0.07839177,1
0.02270781,1
0.005855635,1
0.06936532,1
-0.2680176,1
-0.1848037,1
-0.08249892,1
0.03684083,1
0.0006776601,1
0.01500812,1
-0.2036053,1
-0.1877958,1
-0.08656038,1
0.03141771,1
-0.004330143,1
0.009835392,1
-0.2064191,1
-0.1974285,1
0.1094232,1
-0.008707881,1
-0.00972981,1
-0.2207644,1
-0.2758734,1
0.04355757,0
-0.01421779,0
-0.1974334,1
0.1031894,1
0.07569643,1
0.01181307,1
-0.171215,1
-0.2780652,1
-0.1958392,1
-0.1029767,1
0.09666614,1
0.006513588,1
0.05246249,1
-0.2135731,1
-0.2060852,1
0.09318709,1
0.01427206,1
0.002185859,1
-0.248509,1
-0.2629617,1
-0.2093904,1
0.0871304,1
0.05268575,1
-0.003662594,1
-0.2009427,1
-0.285257,1
-0.2119089,1
0.08114052,1
-0.02241953,1
-0.008810632,1
-0.283306,1
-0.2873757,1
-0.2068993,1
-0.1247829,1
0.0167454,1
-0.01333262,1
-0.1052672,1
-0.2561449,1
-0.2096824,1
-0.1283846,1
0.01155271,1
-0.01817917,1
-0.1090785,1
-0.2584961,1
-0.2173459,1
0.0680519,1
-0.03761689,1
-0.02313186,1
-0.325249,1
-0.2941613,1
-0.2218768,1
0.3622748,1
0.0242819,1
-0.02774476,1
-0.08075309,1
-0.2762124,1
-0.2257689,1
0.05386125,1
-0.1215656,1
-0.0322884,1
-0.3555937,1
-0.2384015,1
-0.2284566,1
-0.1517557,1
-0.03465614,1
-0.03703739,1
-0.3664338,1
-0.3009029,1
-0.001232415,0
-0.2227804,0
0.3449237,0
-0.3029038,0
-0.1924198,1
-0.1465961,1
-0.0532261,1
-0.04212184,1
-0.363972,1
-0.262835,1
-0.1885853,1
-0.1499697,1
-0.06524951,1
-0.0459993,1
0.02345735,1
-0.2651313,1
0.01818755,0
-0.1913415,1
-0.1533086,1
-0.06049234,1
-0.05049771,1
-0.01657796,1
-0.2674089,1
-0.1942709,1
-0.1566134,1
-0.06480037,1
-0.05491894,1
-0.02138719,1
-0.2696682,1
-0.2058146,1
0.3401154,1
-0.05296478,1
-0.05892684,1
-0.2156759,1
-0.2719093,1
-0.2051704,1
-0.1681572,1
-0.1514086,1
-0.0636077,1
-0.3312548,1
-0.2741325,1
-0.2024861,1
-0.1713125,1
-0.04921719,1
-0.06780288,1
-0.06087223,1
-0.276338,1
-0.2053103,1
-0.1744365,1
-0.05365297,1
-0.07202855,1
-0.06517595,1
-0.2785262,1
0.3224704,0
-0.1595465,0
-0.07585456,0
-0.08155007,0
-0.04678805,0
-0.2130694,1
-0.1682962,1
-0.08643936,1
-0.01921979,1
-0.3694757,1
-0.2806972,1
0.3285499,0
0.03757441,0
0.1122338,0
-0.02378355,0
-0.2161871,1
0.06041683,1
-0.04555161,1
0.002321519,1
-0.06465638,1
-0.1828512,1
0.05472571,0
-0.04172594,0
-0.002542958,0
-0.215412,1
-0.123408,1
-0.06254309,1
0.02232126,1
-0.08630222,1
-0.1191955,1
0.3729758,0
0.09413102,0
0.0175472,0
0.009706706,0
-0.2231453,1
0.08058468,1
-0.0471633,1
0.04102375,1
-0.01622692,1
-0.2695234,1
-0.2207231,1
-0.1253326,1
0.07471941,1
0.03550602,1
-0.0103651,1
-0.225099,1
-0.220064,1
-0.1289284,1
-0.0003065504,1
0.03064636,1
0.009903163,1
-0.2943836,1
-0.2227271,1
-0.1324862,1
-0.005303022,1
0.02529412,1
0.004789174,1
-0.2964331,1
-0.04882205,0
-0.2357089,1
0.0639935,1
-0.009338722,1
0.01988207,1
-0.1063041,1
-0.2384672,1
-0.2315744,1
0.05826204,1
-0.001842991,1
0.01435428,1
-0.141128,1
-0.240968,1
-0.2298017,1
-0.1474047,1
-0.07728099,1
0.009413287,1
-0.07098389,1
-0.2367806,1
-0.2321036,1
0.04923002,1
0.05901783,1
0.004242197,1
-0.0169684,1
-0.1659627,1
-0.2346597,1
0.04366566,1
0.05334251,1
-0.0008066446,1
-0.02177313,1
-0.1691398,1
-0.2369169,1
-0.1618354,1
-0.05915217,1
-0.005772375,1
-0.1134573,1
-0.2456187,1
-0.2472186,1
0.03494613,1
0.06918988,1
-0.01086897,1
-0.03507802,1
-0.3147249,1
0.02114016,0
-0.252911,1
0.02954467,1
0.0181989,1
-0.01557872,1
-0.06179461,1
-0.3166259,1
-0.2437761,1
0.02420504,1
0.07119881,1
-0.02054104,1
0.0974828,1
-0.2585135,1
0.01892667,0
0.02516738,0
-0.2554846,1
0.04283784,1
0.004015148,1
-0.02546643,1
-0.1099876,1
-0.3208452,1
-0.2539085,1
0.03734624,1
-0.02483903,1
-0.0299615,1
-0.1069645,1
-0.3227032,1
-0.25067,1
-0.1680827,1
-0.08552117,1
-0.03458991,1
-0.07229188,1
-0.1912149,1
-0.2530669,1
-0.1712387,1
-0.0895491,1
-0.03919252,1
-0.07646719,1
-0.1941455,1
-0.2550845,1
0.02563657,1
-0.03695836,1
-0.04379979,1
-0.03548989,1
-0.3303815,1
-0.2574445,1
0.02034175,1
-0.04153388,1
-0.04829723,1
-0.04008222,1
-0.332174,1
-0.2595088,1
-0.1848923,1
0.003096297,1
-0.05274606,1
-0.1078798,1
-0.2672877,1
-0.01751775,0
-0.05741102,0
0.01211648,0
0.02483437,0
-0.02878021,0
-0.2688513,1
0.03641918,1
-0.04514396,1
-0.002393827,1
-0.0873346,1
-0.3362146,1
-0.2653616,1
-0.1689991,1
0.003156416,1
-0.007124923,1
0.02530006,1
-0.3379678,1
0.02785394,0
0.05125274,0
0.05894303,0
-0.01182094,0
-0.04706064,0
-0.2743131,1
-0.126684,1
0.0117644,1
0.01343379,1
-0.01609731,1
-0.3397095,1
-0.2678355,1
0.0697345,1
-0.02634244,1
0.008734256,1
0.05152214,1
-0.3414396,1
-0.2700913,1
0.06393848,1
-0.03103954,1
0.003633715,1
0.04593173,1
-0.3431584,1
-0.2754413,1
-0.1417924,1
0.02965882,1
-0.001439959,1
-0.039682,1
-0.3448659,1
-0.274168,1
0.05478445,1
0.05677866,1
-0.006521985,1
-0.04068717,1
-0.3265623,1
-0.2763734,1
0.04915704,1
0.05112867,1
-0.0114469,1
-0.04522011,1
-0.3283808,1
-0.2782103,1
0.0435935,1
0.05809098,1
-0.01643179,1
-0.04316518,1
-0.3501869,1
-0.2803837,1
0.03809328,1
0.05242614,1
-0.02124271,1
-0.04766986,1
-0.351849,1
-0.2839716,1
-0.1673442,1
0.01743154,1
-0.02605197,1
-0.1317116,1
-0.286834,1
-0.1515346,0
-0.1705076,0
-0.1009044,0
-0.03058005,0
-0.2901507,1
-0.1361674,1
0.004663974,1
-0.003923491,1
-0.05819553,1
-0.3556073,1
0.06035087,0
-0.2857867,1
-0.118101,1
-0.07525185,1
-0.008777454,1
-0.06477085,1
-0.3239019,1
-0.2965904,1
-0.1217739,1
-0.06076739,1
-0.01404452,1
-0.04626107,1
-0.359072,1
-0.3007922,1
-0.1254075,1
-0.04004603,1
-0.0188171,1
-0.1070386,1
-0.3273449,1
-0.2912286,1
-0.1290026,1
-0.08294682,1
-0.02330776,1
-0.04803941,1
-0.3624913,1
-0.2933017,1
-0.1325596,1
-0.08700331,1
-0.02803969,1
-0.05248857,1
-0.3640765,1
-0.03188471,0
-0.03272003,0
-0.2998444,1
-0.1360791,1
-0.06659383,1
-0.005878381,1
-0.1295041,1
-0.2989852,1
-0.30949,1
-0.1395618,1
-0.007999115,1
-0.01095695,1
-0.120777,1
-0.367667,1
0.3569919,0
-0.3043428,1
-0.1349121,1
-0.1092758,1
-0.01564684,1
-0.107971,1
-0.3025539,1
-0.3161981,1
-0.138407,1
-0.002162367,1
-0.02072038,1
-0.1465573,1
-0.3712094,1
-0.3019488,1
-0.1418653,1
-0.08813505,1
-0.02531917,1
0.01239756,1
-0.306075,1
-0.303942,1
-0.1452878,1
-0.09213406,1
-0.03002799,1
0.007254869,1
-0.3080381,1
0.0513252,0
-0.009296149,0
-0.03457164,0
-0.3209903,1
-0.1266156,1
-0.03973605,1
-0.007962652,1
-0.1487536,1
-0.3433203,1
-0.3247944,1
-0.1301979,1
-0.03678261,1
-0.01250617,1
-0.1379952,1
-0.3783601,1
-0.326051,1
-0.1337423,1
0.01624094,1
-0.0176114,1
-0.1533215,1
-0.3798502,1
0.3627506,0
-0.3103011,1
-0.1293317,1
0.03808223,1
-0.0221343,1
-0.09107277,1
-0.3146649,1
-0.09503937,0
0.08552533,0
0.06711477,0
-0.3307778,1
-0.1117182,1
-0.07222228,1
-0.02684502,1
-0.09285527,1
-0.383233,1
-0.3319319,1
-0.1154596,1
-0.01877271,1
-0.03132325,1
-0.1797796,1
-0.3846948,1
-0.3341524,1
-0.1191608,1
-0.0172995,1
-0.0367277,1
-0.1926351,1
-0.3861483,1
-0.3168855,1
0.3771777,1
-0.07827367,1
-0.04078007,1
-0.0203017,1
-0.3675934,1
0.06867464,0
0.005680084,0
-0.04579464,0
-0.3373672,1
-0.110246,1
-0.1133795,1
-0.01761346,1
-0.1158566,1
-0.3891475,1
0.00582087,0
-0.3391376,1
0.0859967,1
-0.03428471,1
-0.02333874,1
-0.2329555,1
-0.3905756,1
-0.1199806,0
-0.00118655,0
-0.02708314,0
-0.3340904,1
-0.0882445,1
-0.09664086,1
-0.0008895844,1
-0.1613554,1
-0.3919958,1
-0.3434102,1
-0.0922423,1
-0.007767498,1
-0.006000265,1
-0.264133,1
-0.3934079,1
-0.343969,1
0.103804,1
-0.1054568,1
-0.0107689,1
-0.1911449,1
-0.3948123,1
-0.0535956,0
-0.01545412,0
-0.3262158,1
-0.1023688,1
-0.05390498,1
0.01043075,1
-0.09125733,1
-0.3962088,1
-0.3481675,1
0.09378837,1
-0.01134796,1
0.004642136,1
-0.293814,1
-0.3975976,1
-0.3317918,1
0.3877251,1
-0.06622152,1
0.0002507791,1
0.04520786,1
-0.3389788,1
-0.3311499,1
-0.1208387,1
0.08197205,1
-0.004802041,1
-0.00579533,1
-0.3340471,1
-0.3329372,1
-0.1244823,1
0.07603936,1
-0.00974676,1
-0.0107286,1
-0.3358148,1
-0.08598348,0
-0.01474745,0
-0.3346181,1
-0.1280872,1
0.07929496,1
0.01122017,1
-0.01307926,1
-0.4042374,1
-0.354111,1
0.06834616,1
-0.008406632,1
0.00568746,1
-0.3482737,1
-0.4055826,1
-0.3589706,1
0.06256573,1
-0.08741125,1
0.001230538,1
-0.2908384,1
-0.4069206,1
-0.3415357,1
0.3568504,1
-0.058399,1
-0.004040226,1
0.07102579,1
-0.3882515,1
0.04847045,0
0.0250754,0
-0.008823596,0
-0.3404939,1
-0.1293082,1
-0.0721918,1
0.01662358,1
-0.05906272,1
-0.3096847,1
-0.3626671,1
-0.132862,1
-0.07636823,1
0.01062756,1
-0.2762247,1
-0.4116217,1
-0.3626339,1
-0.1363783,1
-0.05367306,1
0.005789444,1
-0.3149621,1
-0.4129278,1
-0.36516,1
-0.1398579,1
-0.08488315,1
0.000504449,1
-0.3172664,1
-0.4142271,1
0.02133068,0
-0.3673786,1
0.3566989,1
0.05165002,1
-0.004102848,1
-0.0980337,1
-0.3955196,1
-0.370255,1
-0.1516801,1
-0.00396473,1
-0.009038284,1
-0.3818957,1
-0.4169122,1
0.06424446,0
-0.01368273,0
-0.3635285,1
0.3449985,1
-0.07813583,1
0.01194036,1
-0.1278299,1
-0.4181909,1
-0.350521,1
-0.163306,1
-0.01773053,1
0.006996043,1
0.005239457,1
-0.3861296,1
0.0001791418,0
-0.3725441,1
-0.1665097,1
-0.03986844,1
0.001323424,1
-0.3562579,1
-0.4209082,1
-0.04329282,0
-0.3747374,1
-0.1696814,1
-0.01500694,1
-0.003889889,1
-0.3621933,1
-0.4221665,1
-0.354705,1
-0.1728216,1
0.04118106,1
-0.007894993,1
-0.03656352,1
-0.2900851,1
-0.04114357,0
0.1018374,0
-0.3761912,1
-0.1759307,1
-0.03071697,1
-0.0132431,1
-0.321756,1
-0.4255003,1
-0.3810659,1
0.3209908,1
-0.1025235,1
-0.01755072,1
-0.1458148,1
-0.4067355,1
0.01284778,0
-0.01155259,0
-0.022428,0
-0.3819092,1
-0.1628916,1
-0.08470729,1
0.002844863,1
-0.2771641,1
-0.4280674,1
0.03390051,0
-0.3805804,1
-0.143047,1
-0.08874425,1
-0.001521558,1
-0.3012955,1
-0.4292898,1
-0.3849665,1
-0.1464572,1
0.06452215,1
-0.007118449,1
-0.3285439,1
-0.4305063,1
-0.3623709,1
-0.1498322,1
-0.0334086,1
-0.01112566,1
0.09165877,1
-0.3983834,1
-0.3639568,1
-0.1531725,1
-0.03802472,1
-0.0159976,1
0.08561891,1
-0.3997603,1
-0.3861491,1
-0.1564787,1
-0.09397097,1
-0.02105086,1
-0.3449869,1
-0.4344631,1
-0.3663971,0
0.04024872,0
-0.4156543,0
-0.3493833,1
0.3629384,1
-0.05552814,1
-0.02565552,1
-0.2113122,1
-0.39208,1
0.6045208,0
-0.3255379,1
0.05743077,1
-0.06109692,1
-0.03024553,1
-0.05518171,1
-0.2934917,1
-0.352922,1
0.3517734,1
-0.1003263,1
-0.03482454,1
-0.3000919,1
-0.3955478,1
-0.3542,1
0.5934255,1
-0.09343657,1
-0.03959078,1
-0.1404602,1
-0.3969403,1
0.03403613,0
-0.3448226,1
0.05708085,1
0.01235925,1
-0.04426742,1
-0.01786369,1
-0.2583251,1
0.05142744,0
-0.3345987,1
-0.1265192,1
0.004391089,1
-0.0485336,1
-0.03681487,1
-0.267325,1
-0.03426951,0
-0.3401262,1
0.06989755,1
-0.01772932,1
-0.05296637,1
0.03269005,1
-0.3429183,1
0.0640997,0
0.009398788,0
-0.05722913,0
-0.3542517,1
-0.1145636,1
0.00775297,1
-0.02961033,1
0.002289772,1
-0.3379607,1
0.006274045,0
-0.3356532,1
-0.1182744,1
-0.06530055,1
-0.03355925,1
0.01917031,1
-0.3730357,1
-0.3462893,1
-0.1219454,1
0.02489603,1
-0.03849854,1
-0.005056798,1
-0.3412238,1
-0.3517301,1
0.07442275,1
-0.01427376,1
-0.04311128,1
0.02559331,1
-0.3896107,1
0.06857422,0
-0.3411613,1
0.08965925,1
0.01439273,1
-0.04729094,1
0.0247339,1
-0.4110363,1
-0.3491072,1
-0.1163586,1
0.0334442,1
-0.05207108,1
0.0343712,1
-0.3456787,1
-0.3441395,1
-0.1200501,1
-0.09022632,1
-0.05609791,1
-0.006965697,1
-0.3807032,1
0.02953726,0
-0.3443644,1
0.07629787,1
-0.09743427,1
-0.0605292,1
-0.07142651,1
-0.355513,1
-0.3616912,1
0.07042839,1
-0.01192184,1
-0.06520547,1
-0.05587327,1
-0.3971415,1
-0.3724284,1
0.06462458,1
0.01787874,1
-0.0696276,1
0.0003700256,1
-0.4185252,1
0.05888601,0
0.01543897,0
-0.3649902,1
-0.1194831,1
-0.02275622,1
-0.07374136,1
-0.06820926,1
-0.3531289,1
-0.3758436,1
0.07685879,1
-0.01735727,1
-0.0779357,1
-0.04095122,1
-0.4214391,1
-0.3512748,1
-0.129017,1
0.05795531,1
-0.08147316,1
0.002977788,1
-0.3226947,1
-0.3748657,1
-0.1325738,1
-0.005292967,1
-0.08628994,1
0.07345825,1
-0.3578731,1
-0.3599605,1
0.06390679,1
-0.1239043,1
-0.0898029,1
-0.1122437,1
-0.3261535,1
0.05817629,0
-0.02568708,0
-0.09381436,0
-0.3552284,1
0.07984728,1
0.04922804,1
-0.06312913,1
-0.01321411,1
-0.4279748,1
-0.3666694,1
-0.1260618,1
-0.01348424,1
-0.06789825,1
0.03224003,1
-0.4291977,1
-0.3673786,1
-0.1296499,1
-0.1742291,1
-0.07206502,1
-0.004703403,1
-0.3304146,1
-0.3596491,1
0.3668,1
0.08932002,1
-0.07562055,1
-0.08167154,1
-0.3722068,1
-0.3712116,1
0.05835879,1
-0.06251308,1
-0.08032027,1
0.05719656,1
-0.4337332,1
0.05269092,0
-0.1394119,0
-0.08450456,0
-0.3622988,1
-0.1253274,1
-0.0842423,1
-0.05407421,1
0.004576266,1
-0.4349279,1
0.07107671,0
0.09202135,0
0.01497453,0
-0.05836207,0
-0.3789256,1
-0.08819795,1
-0.03969096,1
-0.03074914,1
0.0453715,1
-0.4027836,1
0.02980593,0
-0.03423095,0
-0.3844202,1
-0.09219627,1
-0.10125,1
-0.03549599,1
-0.05862576,1
-0.3041366,1
-0.00394094,0
0.06141491,0
-0.0391547,0
-0.3892901,1
-0.09615049,1
-0.01616257,1
-0.01282878,1
-0.01222068,1
-0.4394471,1
-0.3991035,1
0.09993875,1
-0.005493321,1
-0.01762869,1
-0.02648732,1
-0.4406144,1
-0.3684187,1
-0.106192,1
0.03544131,1
-0.02149458,1
0.1010651,1
-0.3417763,1
0.09492213,0
-0.3949361,1
-0.1099932,1
0.003147483,1
-0.02755607,1
-0.05791241,1
-0.4434928,1
-0.3702416,1
-0.1137532,1
0.01803407,1
-0.03102825,1
0.0426439,1
-0.4113077,1
0.03715453,0
-0.0188694,0
-0.03689829,0
-0.390128,1
-0.1174727,1
-0.09034082,1
-0.009337761,1
0.002501279,1
-0.4126154,1
-0.4041223,1
0.07884767,1
-0.007131986,1
-0.01458202,1
-0.07104221,1
-0.4472497,1
0.3729497,0
-0.03212525,0
-0.01812465,0
-0.3736702,1
-0.1194406,1
0.09162799,1
0.007970743,1
-0.08772978,1
-0.4483805,1
0.07690091,0
-0.02902412,0
0.002910152,0
-0.3981916,1
-0.1024802,1
-0.04887747,1
0.02667048,1
-0.05408463,1
-0.3828394,1
-0.404481,1
-0.1063217,1
-0.03757171,1
0.02104623,1
0.007668704,1
-0.4509701,1
0.009063542,0
-0.3770349,1
0.08987845,1
-0.00758072,1
0.01718196,1
-0.07587136,1
-0.3520839,1
-0.3936756,1
-0.1161418,1
-0.06904171,1
0.01100008,1
-0.01213247,1
-0.453734,1
0.3801644,0
0.08756216,0
-0.1005449,0
0.006953567,0
-0.4098296,1
-0.09241112,1
-0.0009178221,1
0.03011373,1
-0.07858646,1
-0.4215019,1
-0.3921425,1
-0.09636297,1
-0.009782344,1
0.02521937,1
0.1180181,1
-0.4227571,1
-0.03547589,0
0.02097391,0
-0.3812386,1
-0.1002714,1
0.07962357,1
0.04469931,1
-0.06744422,1
-0.3240061,1
-0.07167391,0
-0.4197202,1
-0.1041371,1
-0.01064324,1
0.03814775,1
-0.008855194,1
-0.4591755,1
0.09203939,0
0.1118191,0
0.06869093,0
0.03392565,0
-0.4203495,1
-0.06947917,1
-0.04240304,1
0.05580723,1
-0.02208328,1
-0.4602524,1
-0.4218919,1
-0.07368601,1
-0.0469164,1
0.05032425,1
-0.03210881,1
-0.4613245,1
-0.4129943,1
-0.07784571,1
0.005789388,1
0.04467268,1
0.07209775,1
-0.4623919,1
-0.3869252,1
-0.08195896,1
-0.056445,1
0.04023615,1
-0.005253911,1
-0.3301213,1
-0.3883659,1
-0.08602642,1
-0.06079879,1
0.03477424,1
-0.01019344,1
-0.3319155,1
0.4099512,0
0.08151439,0
0.02934121,0
-0.08347452,0
-0.4055969,1
-0.05372765,1
0.01742118,1
0.05141963,1
0.126156,1
-0.4670309,1
-0.4172023,1
-0.05811222,1
0.05384506,1
0.04571674,1
0.07294166,1
-0.4680735,1
-0.3914775,1
0.1375529,1
-0.04363867,1
0.04134982,1
-0.04574543,1
-0.3691117,1
-0.3928926,1
0.1310201,1
-0.04813795,1
0.0358752,1
-0.0502207,1
-0.3706565,1
-0.4257747,1
-0.07544414,1
0.03368273,1
0.02916285,1
0.06773558,1
-0.4721922,1
-0.3952238,1
-0.07958419,1
-0.05905545,1
0.02518427,1
0.03043422,1
-0.4398794,1
-0.396618,1
-0.08367806,1
-0.0633797,1
0.01989464,1
0.02508441,1
-0.4410447,1
0.1122736,0
-0.397379,1
-0.06904919,1
0.02404795,1
0.0147263,1
0.02034372,1
-0.3422045,1
0.1267391,0
-0.4335794,1
-0.05535626,1
0.05674952,1
0.008048013,1
-0.1274624,1
-0.4772516,1
0.0215748,0
-0.4049915,1
-0.05972238,1
0.1052501,1
0.004303291,1
-0.1238158,1
-0.4782511,1
-0.4035616,1
0.1359609,1
0.03656504,1
-0.0004652441,1
-0.1152224,1
-0.4792464,1
0.1294448,0
0.02834598,0
-0.005458429,0
-0.4421909,1
-0.05279355,1
-0.07765681,1
0.01888255,1
-0.1157149,1
-0.4802376,1
-0.436154,1
-0.05718872,1
-0.08177216,1
0.01316334,1
-0.1446417,1
-0.4812248,1
-0.4434457,1
-0.06153408,1
-0.08584169,1
0.007442504,1
-0.2143832,1
-0.4822079,1
-0.4429769,1
-0.06583035,1
-0.06304117,1
0.002641037,1
-0.253646,1
-0.483187,1
-0.4464174,1
0.1299218,1
-0.01132698,1
-0.002727948,1
-0.2272708,1
-0.4841622,1
0.1234691,0
0.07898328,0
-0.4473818,1
0.1415471,1
0.04293393,1
-0.00699456,1
-0.1667929,1
-0.4851334,1
-0.4228569,1
0.4349729,1
0.1021449,1
-0.01166786,1
-0.00896576,1
-0.3461006,1
-0.4504718,1
0.1261616,1
0.03307022,1
-0.01710853,1
-0.1838127,1
-0.4877891,1
-0.4095198,1
0.1197487,1
-0.02442337,1
-0.02012003,1
0.04591912,1
-0.3487457,1
-0.02914248,0
-0.02488856,0
-0.4101416,1
-0.0865961,1
-0.06061444,1
0.001496442,1
-0.05081221,1
-0.4237505,1
0.4093879,0
-0.4539772,1
0.1159769,1
-0.02416214,1
-0.005456492,1
-0.2762834,1
-0.4916611,1
0.4096726,0
0.4162541,0
-0.4518909,1
-0.07733562,1
-0.0319481,1
-0.01003929,1
-0.3653966,1
-0.4926024,1
-0.4557414,1
-0.08145455,1
-0.1077481,1
-0.01548005,1
-0.3171388,1
-0.49354,1
-0.4139919,1
-0.08552761,1
0.06209208,1
-0.01802339,1
0.01645321,1
-0.494474,1
0.01126388,0
-0.4151395,1
-0.08955547,1
0.01414246,1
-0.0227522,1
0.04482043,1
-0.4287377,1
-0.4588629,1
0.4064612,1
0.01816297,1
-0.02929512,1
-0.0541797,1
-0.4766235,1
-0.4172033,1
-0.1022055,1
-0.04100832,1
-0.03219984,1
0.1021191,1
-0.4309589,1
0.09596458,0
0.01742426,0
-0.4624637,1
0.09394994,1
-0.1321435,1
-0.03845097,1
-0.2919118,1
-0.4388338,1
-0.4600347,1
-0.1121151,1
-0.1356674,1
-0.04301817,1
-0.2963647,1
-0.5000041,1
0.1514718,0
0.09828544,0
-0.4194753,1
-0.1158523,1
0.0690859,1
-0.04607432,1
-0.00938943,1
-0.3675799,1
-0.4207409,1
-0.1195493,1
0.06329715,1
-0.05054584,1
-0.01428133,1
-0.369134,1
-0.4671386,1
0.3767934,1
-0.1307395,1
-0.05601616,1
-0.2462462,1
-0.5040121,1
-0.4227423,1
0.0682926,1
-0.03966415,1
-0.05941281,1
-0.0282827,1
-0.4449061,1
-0.06269129,0
-0.00437361,0
-0.01411566,0
0.06251277,0
0.01169662,0
0.0839389,0
-0.4232425,1
-0.09583373,1
-0.0758142,1
-0.06342521,1
-0.0124184,1
-0.3727144,1
-0.4341898,1
-0.09974797,1
-0.1186268,1
-0.06802954,1
0.001080438,1
-0.407571,1
0.1142654,0
-0.4252297,1
-0.1036194,1
-0.02810049,1
-0.07186417,1
0.08042583,1
-0.3755651,1
-0.4264663,1
-0.1074485,1
-0.03277743,1
-0.07604428,1
0.07451034,1
-0.3770716,1
-0.4521348,1
0.08876388,1
-0.01214465,1
-0.0817669,1
0.1281929,1
-0.4119025,1
-0.4437488,1
0.08275595,1
-0.006833866,1
-0.08508377,1
0.1481897,1
-0.4132071,1
-0.4293444,1
-0.1231855,1
-0.04112437,1
-0.08818331,1
0.07377473,1
-0.3478383,1
-0.4305605,1
-0.1268041,1
-0.04565232,1
-0.09218178,1
0.06793344,1
-0.3495155,1
-0.4315484,1
0.06961569,1
-0.1040542,1
-0.09603119,1
0.05707346,1
-0.2578487,1
0.063821,0
-0.1078786,0
-0.09994327,0
0.08517339,0
-0.4323821,1
0.1053323,1
0.01629046,1
-0.06918894,1
0.058212,1
-0.3801858,1
-0.4330539,1
0.09914287,1
-0.01833814,1
-0.07347839,1
0.001749337,1
-0.4616653,1
-0.4527921,1
-0.1069791,1
0.056684,1
-0.07904703,1
0.08914316,1
-0.4227312,1
-0.4652321,1
-0.1107718,1
-0.03017581,1
-0.08349326,1
0.07437459,1
-0.4573136,1
-0.436032,1
-0.1145235,1
-0.01152542,1
-0.0858449,1
-0.04488444,1
-0.3583987,1
-0.4372156,1
-0.1182347,1
-0.01639277,1
-0.08986924,1
-0.04936951,1
-0.3600092,1
0.1312232,0
-0.4379449,1
-0.1219061,1
0.0368146,1
-0.09357771,1
-0.06622574,1
-0.394943,1
-0.4750903,1
0.07446162,1
-0.05820377,1
-0.09960423,1
0.02893353,1
-0.5096722,1
0.07873929,0
-0.4892091,1
0.06861265,1
-0.1490214,1
-0.1033186,1
0.001266479,1
-0.4705451,1
-0.4405517,0
0.3628292,0
-0.4715727,0
-0.4316127,1
0.0707445,1
-0.03725822,1
-0.1073318,1
0.09160806,1
-0.4866889,1
-0.4405164,1
0.06493716,1
-0.1445539,1
-0.111239,1
-0.04081132,1
-0.4276499,1
0.05919507,0
0.04233658,0
-0.1125996,0
-0.4082104,1
-0.1191915,1
-0.07375223,1
-0.08220072,1
0.1310033,1
-0.3888744,1
-0.4373711,1
-0.1228527,1
-0.1619348,1
-0.08758552,1
0.01313648,1
-0.3569708,1
-0.4182915,1
-0.1264749,1
-0.03634329,1
-0.0905953,1
0.1563332,1
-0.3919235,1
0.3699414,0
-0.4184411,1
-0.1223591,1
-0.04788972,1
-0.09466492,1
0.08204502,1
-0.4600027,1
0.1152946,0
-0.4454861,1
-0.1259865,1
-0.09410895,1
-0.09964343,1
0.006400555,1
-0.4610759,1
-0.4475239,1
-0.1295754,1
-0.2161802,1
-0.1035365,1
0.02320695,1
-0.3288111,1
0.06687365,0
-0.07709666,0
-0.4480707,1
-0.1119458,1
-0.07889478,1
-0.1075056,1
0.008784145,1
-0.4972809,1
-0.4520129,1
-0.1156847,1
-0.08246116,1
-0.1112241,1
-0.01341683,1
-0.4982004,1
-0.4512036,1
0.0806165,1
-0.1330127,1
-0.1147531,1
-0.0155202,1
-0.4991164,1
-0.4070145,1
-0.1253011,1
0.0540171,1
-0.1156225,1
-0.03466311,1
-0.2666955,1
-0.07727997,0
-0.1191201,0
-0.4168932,1
-0.1288973,1
-0.03314853,1
-0.08889782,1
0.124286,1
-0.5022938,1
-0.005394518,0
-0.436496,1
0.06754462,1
-0.1939503,1
-0.09417531,1
-0.01198548,1
-0.4831942,1
-0.4621708,1
0.0617732,1
-0.07234779,1
-0.09837843,1
-0.07155633,1
-0.5041693,1
0.08984326,0
-0.09916989,0
-0.463946,1
0.05606677,1
-0.05483797,1
-0.07198209,1
-0.08469397,1
-0.5050627,1
-0.4590016,1
0.05042483,1
-0.1519382,1
-0.07607254,1
0.02553317,1
-0.5059527,1
-0.006035119,0
-0.07131694,0
-0.07681372,0
-0.4604583,1
-0.1551531,1
-0.1082521,1
-0.05079884,1
-0.0112035,1
-0.4735061,1
0.04156086,0
-0.1728497,0
-0.05349842,0
0.1384191,0
-0.02385866,0
-0.4625944,1
-0.1358243,1
-0.05491786,1
-0.0007489026,1
0.0242669,1
-0.4745211,1
-0.4592437,1
-0.1393096,1
-0.02807975,1
-0.005538821,1
0.05476779,1
-0.5088653,1
-0.4586578,1
-0.1427586,1
-0.0100988,1
-0.01027765,1
0.07499447,1
-0.5097412,1
-0.4159355,1
0.3538282,1
0.07862186,1
-0.01237551,1
-0.02412105,1
-0.4506139,1
-0.4307297,1
-0.1545327,1
-0.1422235,1
-0.01883695,1
0.01711932,1
-0.5117292,1
-0.4574471,1
-0.1578251,1
-0.1218169,1
-0.02489671,1
0.03112471,1
-0.4792613,1
-0.1168349,0
-0.4195131,1
0.338916,1
0.06567456,1
-0.02673002,1
-0.007830471,1
-0.4535858,1
-0.4746448,1
-0.1693486,1
-0.05626754,1
-0.03403442,1
-0.04912902,1
-0.5146877,1
-0.4484556,0
0.0275079,0
-0.5155424,0
-0.3767681,1
0.05092654,1
0.02178659,1
-0.03594325,1
-0.03938939,1
-0.4098006,1
0.2073355,0
-0.3781385,1
0.04534289,1
-0.07929221,1
-0.04053584,1
0.07396212,1
-0.2911162,1
-0.3796298,0
0.03982276,0
-0.2931903,0
-0.38719,1
-0.1374632,1
-0.07975397,1
-0.04836047,1
0.08724092,1
-0.4334823,1
-0.3551841,1
-0.1409314,1
-0.1796495,1
-0.05133872,1
0.05906537,1
-0.4346782,1
-0.3953908,1
-0.1443636,1
-0.1347308,1
-0.05683548,1
0.02124932,1
-0.4358684,1
0.0497594,0
-0.05802777,0
-0.3946535,1
0.05223985,1
-0.1640403,1
-0.03323788,1
0.07540888,1
-0.4170528,1
-0.3843688,1
0.04664131,1
-0.1044046,1
-0.03740944,1
0.1369042,1
-0.4383308,1
-0.3437208,1
-0.1588936,1
-0.07809754,1
-0.03875315,1
-0.06635684,1
-0.4061701,1
-0.07059875,0