Długość platformy,Częstotliwość podwójnego skoku,Rozpiętość pił,Ilość pił,Długość kolców,Częstotliwość pułapek,Długość ślizgania,Entry Rank,Highest Rank,Final Rank,Score
0,0,0,0,0,0,0,0,0,0,0
0.03427737,0.0377939,0.0359369,0.03678162,0.03613858,0.0338151,0.0338151,0,0.03550837,0.03550837,7
0.08628719,0.09146886,0.08680689,0.08756422,0.09146544,0.08175645,0.08359238,0.03550837,0.08796209,0.08699163,11
0.08628719,0.07258952,0.08680689,0.08756422,0.09146544,0.08175645,0.08359238,0.08699163,0.08699163,0.08429458,0
0.1043405,0.07239242,0.1026525,0.1047546,0.1084785,0.09776701,0.100657,0.08429458,0.1014158,0.09872035,4
0.1043405,0.04326335,0.07198606,0.07661927,0.1084785,0.09776701,0.100657,0.09872035,0.09872035,0.0861588,0
0.1244029,0.06752074,0.09531984,0.09893878,0.1070803,0.1168132,0.1195499,0.0861588,0.1074966,0.1042322,5
0.1244029,0.06151657,0.09531984,0.09893878,0.1070803,0.1168132,0.1195499,0.1042322,0.1042322,0.1033745,0
0.1366665,0.04922921,0.1089561,0.1125566,0.1227076,0.1277555,0.1304057,0.1033745,0.1168228,0.112611,3
0.1532897,0.06891912,0.1266698,0.1290434,0.1422013,0.1418126,0.1443534,0.112611,0.1294699,0.1294699,4
0.1532897,0.06891912,0.1036446,0.1009763,0.1422013,0.1418126,0.1443534,0.1294699,0.1294699,0.122171,0
0.1572723,0.07538403,0.107501,0.1051659,0.1456202,0.1452355,0.1488446,0.122171,0.1264319,0.1264319,1
0.1773858,0.09563246,0.1013193,0.1000369,0.1672543,0.1618302,0.1655991,0.1264319,0.1467926,0.1384369,5
0.1866895,0.1094919,0.1131492,0.1124687,0.1543551,0.1713895,0.1750469,0.1384369,0.1492699,0.1460844,3
0.1935617,0.1217446,0.09477483,0.0944537,0.1631885,0.1776052,0.181191,0.1460844,0.1544463,0.1466457,2
0.2258336,0.1337105,0.133819,0.1325122,0.1987442,0.2012904,0.2046108,0.1466457,0.1790011,0.1757887,8
0.2258336,0.1337105,0.104539,0.1058166,0.1987442,0.2012904,0.2046108,0.1757887,0.1757887,0.1677922,0
0.2390488,0.12062,0.09810526,0.09745904,0.2157727,0.2127451,0.216255,0.1677922,0.1835802,0.1714294,4
0.2603593,0.1441507,0.1280457,0.125675,0.2195505,0.2306198,0.2320811,0.1714294,0.1950012,0.1914974,6
0.2816449,0.1431544,0.1287551,0.1240375,0.2455312,0.2474459,0.2480291,0.1914974,0.2137931,0.2026569,6
0.3005351,0.1419154,0.1541666,0.1504546,0.2698576,0.2630957,0.2631454,0.2026569,0.2254012,0.2204529,6
0.3086852,0.1485236,0.1337625,0.1336895,0.2785061,0.2705036,0.2702499,0.2204529,0.2302604,0.22056,3
0.3232328,0.1649541,0.1310313,0.1266568,0.2977542,0.2834656,0.2832766,0.22056,0.2374673,0.2300531,5
0.3232328,0.1561487,0.1310313,0.1266568,0.2977542,0.2834656,0.2832766,0.2300531,0.2300531,0.2287951,0
0.3506536,0.1877478,0.1696159,0.1628263,0.3082306,0.3045078,0.3004409,0.2287951,0.2585021,0.2548604,8
0.3631736,0.2015502,0.1860614,0.1797954,0.2975327,0.3144397,0.3090915,0.2548604,0.2684838,0.2645207,4
0.3631736,0.2015502,0.1629624,0.1504886,0.2975327,0.3144397,0.3090915,0.2645207,0.2645207,0.2570341,0
0.3801801,0.2192325,0.1908534,0.1763199,0.3244672,0.3286476,0.320821,0.2570341,0.2788188,0.2772174,6
0.391641,0.218589,0.1747416,0.1623738,0.3402402,0.3382004,0.3303582,0.2772174,0.2900961,0.2794492,4
0.391641,0.2078466,0.1459831,0.1343798,0.3402402,0.3382004,0.3303582,0.2794492,0.2794492,0.269807,0
0.3986912,0.2250612,0.1374387,0.1233533,0.3514678,0.3450924,0.3374565,0.269807,0.2814682,0.2740802,4
0.3986912,0.2140652,0.106301,0.09701901,0.3514678,0.3450924,0.3374565,0.2740802,0.2740802,0.264299,0
0.4008692,0.2167826,0.1109024,0.1019608,0.3325464,0.3467874,0.3392015,0.264299,0.2672392,0.2641501,1
0.4113496,0.2027733,0.09977423,0.09581774,0.346422,0.3555188,0.3475628,0.2641501,0.2772599,0.2656026,4
0.4149989,0.2105304,0.08844887,0.08030047,0.3508822,0.3587655,0.3516507,0.2656026,0.2714265,0.2650824,2
0.4394318,0.2264815,0.1287815,0.1251854,0.3885552,0.3794452,0.3678095,0.2650824,0.2976882,0.29367,9
0.4423807,0.2068138,0.1129281,0.1070489,0.391567,0.382404,0.3709056,0.29367,0.2988233,0.2877212,2
0.4492562,0.2229677,0.1052204,0.09886102,0.401778,0.3892487,0.3769876,0.2877212,0.2992463,0.2920457,4
0.4699041,0.2610226,0.1198965,0.1168316,0.432107,0.4080842,0.3931682,0.2920457,0.3231322,0.3144306,10
0.4754922,0.2727909,0.1290178,0.1267164,0.4187312,0.4125794,0.3972699,0.3144306,0.3223927,0.3189425,2
0.4754922,0.2436395,0.1290178,0.1267164,0.4187312,0.4125794,0.3972699,0.3189425,0.3189425,0.3147781,0
0.4894833,0.2438889,0.1239469,0.123117,0.4455433,0.4237478,0.4063665,0.3147781,0.3345551,0.3222991,5
0.4536579,0.2364404,0.1277795,0.1279928,0.4489227,0.4259619,0.3661975,0.3222991,0.3255661,0.3124218,1
0.4536579,0.2093476,0.1012466,0.1022293,0.4489227,0.4259619,0.3661975,0.3124218,0.3124218,0.3010805,0
0.4585956,0.2062767,0.1120784,0.1122935,0.4569295,0.4294211,0.3695252,0.3010805,0.3079713,0.3064457,2
0.4585956,0.1960048,0.085965,0.08740962,0.4569295,0.4294211,0.3695252,0.3064457,0.3064457,0.297693,0
0.4637368,0.2068905,0.09696382,0.09777599,0.4415955,0.4332198,0.3732964,0.297693,0.3051083,0.3019256,2
0.4679373,0.2166752,0.08244125,0.08311179,0.4463428,0.4362288,0.3763272,0.3019256,0.3083948,0.3012949,2
0.4729714,0.2285699,0.09213858,0.09360503,0.4265712,0.4398536,0.3798442,0.3012949,0.3087728,0.3047934,2
0.4729714,0.2285699,0.09213858,0.09360503,0.4063844,0.4398536,0.3798442,0.3047934,0.3047934,0.3019096,0
0.4909899,0.2533904,0.1272298,0.1285368,0.4367495,0.4531811,0.3914032,0.3019096,0.3259258,0.3259258,7
0.4939205,0.2454361,0.1084513,0.1073342,0.44045,0.4554165,0.3928187,0.3259258,0.3293066,0.3205468,1
0.4968903,0.2453711,0.1134401,0.1124218,0.4454598,0.4577906,0.3948799,0.3205468,0.3243996,0.3237505,1
0.4988408,0.2478127,0.119152,0.117286,0.4147817,0.4592935,0.396276,0.3237505,0.3268244,0.3219204,1
0.5106624,0.2636581,0.1427255,0.1412996,0.4340442,0.4686996,0.404819,0.3219204,0.3379869,0.3379869,5
0.5176613,0.2857668,0.1561658,0.1547574,0.4449105,0.4741645,0.4088238,0.3379869,0.3488929,0.3488929,3
0.5176613,0.2558929,0.125153,0.1274993,0.4449105,0.4741645,0.4088238,0.3488929,0.3488929,0.3363008,0
0.5190753,0.2555086,0.1023052,0.1062589,0.4463455,0.4751768,0.4101446,0.3363008,0.3390533,0.3306879,1
0.5235009,0.2602021,0.08074787,0.09131633,0.4552857,0.478671,0.413905,0.3306879,0.3369029,0.3290899,2
0.5235009,0.2602021,0.08074787,0.09131633,0.4552857,0.478671,0.413905,0.3290899,0.3290899,0.3290899,0
0.5235009,0.2477555,0.05275998,0.06682487,0.4552857,0.478671,0.413905,0.3290899,0.3290899,0.3198147,0
0.5263489,0.2431319,0.05884954,0.07241257,0.4602178,0.4809163,0.4158118,0.3198147,0.3242755,0.322527,1
0.5274104,0.2199057,0.03688004,0.0543107,0.4612901,0.4819007,0.4177051,0.322527,0.3251533,0.3142004,1
0.5295855,0.2272985,0.04714396,0.0642359,0.439883,0.4838575,0.4202479,0.3142004,0.3196093,0.316036,2
0.535095,0.2350255,0.06205335,0.08038883,0.4296289,0.4880401,0.4246094,0.316036,0.3250054,0.3221202,3
0.5432544,0.2470317,0.08168075,0.1009034,0.4423285,0.49437,0.4306816,0.3221202,0.3343215,0.3343215,4
0.5441998,0.2449241,0.06118111,0.08094663,0.4442754,0.4953008,0.4318912,0.3343215,0.3367875,0.3289599,1
0.5489395,0.2542035,0.0758653,0.09548371,0.4521982,0.4993814,0.4354848,0.3289599,0.3373652,0.3373652,3
0.5489395,0.2260994,0.05061205,0.07161026,0.4521982,0.4993814,0.4354848,0.3373652,0.3373652,0.3263322,0
0.5509087,0.2312946,0.06102505,0.08084568,0.4549309,0.5012008,0.4378516,0.3263322,0.331151,0.331151,2
0.5537066,0.2338579,0.06556298,0.08621464,0.4597427,0.5034883,0.4398261,0.331151,0.3346284,0.3346284,1
0.5537066,0.2069128,0.06556298,0.08621464,0.4597427,0.5034883,0.4398261,0.3346284,0.3346284,0.3307791,0
0.5610337,0.2170698,0.05830847,0.08066122,0.4722218,0.509871,0.4452443,0.3307791,0.3434558,0.3349158,4
0.5610337,0.2063863,0.05830847,0.08066122,0.4722218,0.509871,0.4452443,0.3349158,0.3349158,0.3333896,0
0.5645437,0.2140554,0.06895175,0.09046201,0.4791357,0.5129879,0.447828,0.3333896,0.3397092,0.3397092,2
0.5652351,0.2167729,0.07316452,0.09469237,0.4567158,0.5138487,0.4489561,0.3397092,0.3418281,0.3384837,1
0.5652351,0.1908078,0.07316452,0.09469237,0.4567158,0.5138487,0.4489561,0.3384837,0.3384837,0.3347743,0
0.5704638,0.1759054,0.08353443,0.1050804,0.4672154,0.5180696,0.452046,0.3347743,0.3424815,0.3389021,2
0.5335643,0.1412991,0.08353443,0.1050804,0.4672154,0.5180696,0.4114105,0.3389021,0.3389021,0.3228819,0
0.5335643,0.1412991,0.08353443,0.1050804,0.4433255,0.5180696,0.4114105,0.3228819,0.3228819,0.3194691,0
0.5335643,0.1196578,0.06259616,0.0803104,0.4433255,0.5180696,0.4114105,0.3194691,0.3194691,0.3098477,0
0.5335643,0.1196578,0.06259616,0.0803104,0.4433255,0.5180696,0.4114105,0.3098477,0.3098477,0.3098477,0
0.5335643,0.1196578,0.06259616,0.0803104,0.4186479,0.5180696,0.4114105,0.3098477,0.3098477,0.3063224,0
0.5367576,0.09140027,0.04695922,0.06203101,0.4245602,0.5203235,0.4135849,0.3063224,0.3103666,0.2993738,1
0.5631657,0.1255518,0.09102179,0.109866,0.448868,0.5393284,0.4293499,0.2993738,0.3328115,0.3295931,9
0.5631657,0.1255518,0.09102179,0.109866,0.4179654,0.5393284,0.4293499,0.3295931,0.3295931,0.3251784,0
0.5654638,0.1081882,0.07153963,0.08986457,0.423833,0.5409193,0.4309338,0.3251784,0.328735,0.3186775,1
0.5654638,0.1081882,0.07153963,0.08986457,0.423833,0.5409193,0.4309338,0.3186775,0.3186775,0.3186775,0
0.5702613,0.09761225,0.08237714,0.1003058,0.4349212,0.544341,0.4333447,0.3186775,0.3262136,0.323309,2
0.575267,0.1076219,0.09206945,0.1104798,0.4238652,0.5479044,0.4359027,0.323309,0.330588,0.3275872,2
0.575267,0.08786082,0.09206945,0.1104798,0.4238652,0.5479044,0.4359027,0.3275872,0.3275872,0.3247642,0
0.5770655,0.09186286,0.09744304,0.1155445,0.3962057,0.5492004,0.437658,0.3247642,0.3280108,0.3235686,1
0.5770655,0.09186286,0.06832564,0.09011201,0.3962057,0.5492004,0.437658,0.3235686,0.3235686,0.3157757,0
0.5770655,0.07296221,0.06832564,0.09011201,0.3962057,0.5492004,0.437658,0.3157757,0.3157757,0.3130756,0
0.5871425,0.0977874,0.07606672,0.09023779,0.4198248,0.5565733,0.4445298,0.3130756,0.3311803,0.3245946,5
0.5871425,0.0977874,0.07606672,0.09023779,0.3986676,0.5565733,0.4445298,0.3245946,0.3245946,0.3215722,0
0.5871425,0.09100699,0.07606672,0.09023779,0.3986676,0.5565733,0.4445298,0.3215722,0.3215722,0.3206035,0
0.5997611,0.119627,0.1036051,0.115847,0.4050545,0.5659861,0.452372,0.3206035,0.3404944,0.3374647,5
0.6025983,0.1179769,0.1074344,0.1207541,0.4107369,0.5681357,0.4542898,0.3374647,0.3413559,0.3402751,1
0.6025983,0.08634786,0.07865539,0.09501421,0.4107369,0.5681357,0.4542898,0.3402751,0.3402751,0.3279683,0
0.6052671,0.07530601,0.08836273,0.1051393,0.4179997,0.5700113,0.4566408,0.3279683,0.333966,0.3312467,2
0.6163574,0.09555867,0.1129134,0.1295756,0.4102734,0.5781305,0.4631979,0.3312467,0.3477554,0.3437153,5
0.6207705,0.1081107,0.1219583,0.1390641,0.3943479,0.5814086,0.4663498,0.3437153,0.35113,0.34743,2
0.6235105,0.1118911,0.1269208,0.143694,0.3712408,0.5835058,0.4683598,0.34743,0.3512025,0.3470175,1
0.6317637,0.1237492,0.1206054,0.133727,0.392545,0.589779,0.4734925,0.3470175,0.3612273,0.3522374,4
0.6317637,0.1237492,0.1206054,0.133727,0.392545,0.589779,0.4734925,0.3522374,0.3522374,0.3522374,0
0.6327038,0.1273618,0.1255733,0.1383688,0.3965109,0.5905562,0.4745076,0.3522374,0.3550832,0.3550832,1
0.6443884,0.1388412,0.1489978,0.1609059,0.4199628,0.5995769,0.4813709,0.3550832,0.3717525,0.3705777,5
0.6443884,0.1388412,0.1208651,0.1328127,0.4199628,0.5995769,0.4813709,0.3705777,0.3705777,0.3625454,0
0.6568552,0.1550379,0.1252421,0.1325918,0.4460493,0.6097181,0.4904444,0.3625454,0.3823196,0.3737056,6
0.6594042,0.1574475,0.1294318,0.137309,0.4518821,0.6117636,0.4916552,0.3737056,0.3774285,0.3769848,1
0.6594042,0.1543828,0.1015189,0.1111565,0.4518821,0.6117636,0.4916552,0.3769848,0.3769848,0.3688233,0
0.6619413,0.1372075,0.10606,0.1161169,0.4569972,0.6138253,0.493308,0.3688233,0.3725936,0.3693509,1
0.6662582,0.1276327,0.1187818,0.1304566,0.4677656,0.6172705,0.497072,0.3693509,0.3781939,0.3750339,3
0.6662582,0.1200057,0.09691843,0.1041103,0.4677656,0.6172705,0.497072,0.3750339,0.3750339,0.3670572,0
0.6751341,0.1450142,0.12212,0.1281388,0.4560493,0.6244403,0.5021622,0.3670572,0.38345,0.3790084,5
0.6751341,0.1368553,0.1035078,0.1018084,0.4560493,0.6244403,0.5021622,0.3790084,0.3790084,0.3714225,0
0.6864082,0.1571707,0.1336695,0.1310005,0.4807164,0.6334136,0.5089709,0.3714225,0.3901928,0.3901928,6
0.6888303,0.1604363,0.11628,0.1089914,0.4845144,0.6353341,0.5109131,0.3901928,0.3935565,0.3864714,1
0.6896961,0.1344545,0.1206462,0.1138995,0.4865677,0.6360134,0.5117815,0.3864714,0.3896157,0.3847227,1
0.6910511,0.1197692,0.1295521,0.1231348,0.4897941,0.6370271,0.5135087,0.3847227,0.389355,0.3862625,2
0.6917156,0.1234242,0.1333671,0.1277019,0.4915093,0.6375323,0.5143677,0.3862625,0.3885169,0.3885169,1
0.700482,0.1513701,0.1604384,0.1537567,0.4892063,0.6446187,0.5196953,0.3885169,0.4062096,0.4027954,6
0.7014107,0.1395797,0.1401484,0.132705,0.4921257,0.645595,0.5213661,0.4027954,0.4073893,0.3961329,2
0.707671,0.1678645,0.1599119,0.1545134,0.5046105,0.6506663,0.5275926,0.3961329,0.4104043,0.4104043,5
0.7081147,0.1710227,0.1631497,0.1580006,0.5058318,0.6511422,0.528402,0.4104043,0.4122377,0.4122377,1
0.7113462,0.1803112,0.1749003,0.1695828,0.4818562,0.6538959,0.5315185,0.4122377,0.4190556,0.414773,3
0.7141837,0.1669988,0.1638476,0.1517273,0.4891434,0.6566171,0.5347515,0.414773,0.4217293,0.4110385,3
0.7141837,0.1438948,0.136185,0.1241896,0.4891434,0.6566171,0.5347515,0.4110385,0.4110385,0.3998521,0
0.7185531,0.1466341,0.1214799,0.1075057,0.4988396,0.6601248,0.5373314,0.3998521,0.4068594,0.3986383,2
0.7185531,0.1134999,0.1214799,0.1075057,0.4988396,0.6601248,0.5373314,0.3986383,0.3986383,0.3939049,0
0.7185531,0.1134999,0.1214799,0.1075057,0.478462,0.6601248,0.5373314,0.3939049,0.3939049,0.3909938,0
0.7295412,0.1148074,0.1201972,0.1058656,0.5002967,0.6687416,0.5442679,0.3909938,0.4078577,0.3976739,5
0.7315745,0.1185155,0.1254314,0.1108573,0.4802938,0.6704473,0.5452659,0.3976739,0.4010403,0.3974836,1
0.7376918,0.129404,0.1413585,0.1255876,0.4703349,0.675422,0.5497268,0.3974836,0.4074112,0.4042179,3
0.7376918,0.1084324,0.1413585,0.1255876,0.4703349,0.6332619,0.5497268,0.4042179,0.4042179,0.3951991,0
0.7393849,0.1122093,0.1466227,0.1303752,0.4518994,0.6349211,0.5510081,0.3951991,0.3985784,0.395203,1
0.7393849,0.1122093,0.1245402,0.1043037,0.4518994,0.6349211,0.5510081,0.395203,0.395203,0.3883238,0
0.7393849,0.1122093,0.1245402,0.1043037,0.4242492,0.6349211,0.5510081,0.3883238,0.3883238,0.3843738,0
0.75184,0.1036699,0.1531419,0.1338638,0.45332,0.6467556,0.5582555,0.3843738,0.4047776,0.400121,6
0.7533054,0.1074985,0.1578876,0.1385858,0.4406444,0.6481414,0.5594936,0.400121,0.4033934,0.4007938,1
0.7585664,0.1209512,0.1709715,0.1524294,0.4282105,0.653264,0.562698,0.4007938,0.410842,0.4067273,3
0.7616698,0.1094019,0.1505581,0.133732,0.4373569,0.6562081,0.5642912,0.4067273,0.4130629,0.4018883,2
0.7667441,0.1227934,0.1623416,0.1476626,0.4528782,0.6611889,0.5673506,0.4018883,0.4115656,0.4115656,3
0.7682602,0.105612,0.1674681,0.1522028,0.4580824,0.6626591,0.5680338,0.4115656,0.4147318,0.4117598,1
0.773342,0.1191252,0.1813728,0.1656196,0.4490305,0.6674492,0.5711444,0.4117598,0.4213747,0.4181548,3
0.773342,0.1191252,0.1523007,0.1378144,0.4490305,0.6674492,0.5711444,0.4181548,0.4181548,0.4100295,0
0.782451,0.1492511,0.1796003,0.1653114,0.4538314,0.6761831,0.5775495,0.4100295,0.4296004,0.4263111,6
0.782451,0.1492511,0.1796003,0.1653114,0.4326338,0.6761831,0.5775495,0.4263111,0.4263111,0.4232829,0
0.782451,0.1271592,0.146839,0.1376265,0.4326338,0.6761831,0.5775495,0.4232829,0.4232829,0.4114917,0
0.7947372,0.1514217,0.1796497,0.1696315,0.4446057,0.6879615,0.5852965,0.4114917,0.4339331,0.4304719,7
0.7533574,0.1323414,0.1843081,0.1740189,0.4494717,0.689928,0.5397114,0.4304719,0.433691,0.417591,1
0.7557643,0.1407878,0.1594128,0.1498257,0.4538552,0.6919021,0.541081,0.417591,0.421469,0.4132327,1
0.757214,0.1442214,0.1626741,0.154368,0.4592665,0.6930485,0.5422406,0.4132327,0.4161476,0.4161476,1
0.7640363,0.1626199,0.1553627,0.1439713,0.4818437,0.6985473,0.5467761,0.4161476,0.4296277,0.4218796,4
0.7640363,0.1626199,0.1553627,0.1439713,0.4549524,0.6985473,0.5467761,0.4218796,0.4218796,0.418038,0
0.7640363,0.1626199,0.1553627,0.1439713,0.4301071,0.6985473,0.5467761,0.418038,0.418038,0.4144887,0
0.7663997,0.1658306,0.1600182,0.148662,0.4162528,0.7004959,0.5479091,0.4144887,0.4179289,0.4150812,1
0.7663997,0.1427935,0.1600182,0.148662,0.4162528,0.7004959,0.5479091,0.4150812,0.4150812,0.4117902,0
0.7663997,0.1347042,0.1600182,0.148662,0.4162528,0.7004959,0.5479091,0.4117902,0.4117902,0.4106345,0
0.7722639,0.15497,0.1733314,0.1624114,0.4098919,0.7053081,0.5512769,0.4106345,0.421552,0.4184934,3
0.7722639,0.15497,0.1733314,0.1624114,0.3858561,0.7053081,0.5512769,0.4184934,0.4184934,0.4150597,0
0.7722639,0.1464932,0.1733314,0.1624114,0.3858561,0.7053081,0.5512769,0.4150597,0.4150597,0.4138487,0
0.7749727,0.1615238,0.1629899,0.1472214,0.3998898,0.7075755,0.5540532,0.4138487,0.4227445,0.4154609,3
0.7749727,0.1528324,0.1629899,0.1472214,0.3998898,0.7075755,0.5540532,0.4154609,0.4154609,0.4142193,0
0.7764013,0.1643763,0.1460131,0.1291817,0.4083348,0.7087389,0.5557056,0.4142193,0.4202818,0.4126788,2
0.7764013,0.1414224,0.1460131,0.1291817,0.4083348,0.7087389,0.5557056,0.4126788,0.4126788,0.4093997,0
0.7787533,0.1366957,0.1501556,0.1340818,0.4124292,0.7106293,0.556533,0.4093997,0.4124903,0.4113254,1
0.7787533,0.1366957,0.1501556,0.1340818,0.3883095,0.7106293,0.556533,0.4113254,0.4113254,0.4078797,0
0.7803478,0.1162317,0.1577976,0.1433978,0.3965786,0.7119429,0.5579621,0.4078797,0.4139344,0.4091798,2
0.7803478,0.1136696,0.1261065,0.1166893,0.3965786,0.7119429,0.5579621,0.4091798,0.4091798,0.400471,0
0.7476097,0.1270983,0.1446133,0.1360092,0.4114453,0.7165756,0.5181734,0.400471,0.4130673,0.4002178,4
0.7476097,0.1270983,0.1446133,0.1360092,0.3880844,0.7165756,0.5181734,0.4002178,0.4002178,0.3968806,0
0.7490997,0.1162779,0.1575523,0.1487722,0.3949118,0.7176411,0.5206913,0.3968806,0.4037693,0.4007066,3
0.7517883,0.1016596,0.1617836,0.1534437,0.3995648,0.719598,0.5221678,0.4007066,0.4043681,0.4014294,1
0.7530562,0.1223739,0.1724677,0.1648546,0.3790742,0.7206493,0.5254852,0.4014294,0.4091489,0.405423,3
0.7541101,0.1119593,0.15085,0.1473316,0.3840016,0.7216957,0.5279267,0.405423,0.4112003,0.3996964,3
0.7622427,0.1311657,0.1687737,0.1647448,0.3733588,0.7277842,0.5338479,0.3996964,0.4125215,0.4088454,4
0.7250991,0.1100953,0.1687737,0.1647448,0.3733588,0.7277842,0.4908573,0.4088454,0.4088454,0.3943876,0
0.7309034,0.1198332,0.1768754,0.1736877,0.360647,0.7315581,0.4943902,0.3943876,0.4014312,0.3982708,2
0.7391024,0.1373736,0.1902788,0.1866881,0.3537448,0.7368443,0.4992968,0.3982708,0.40962,0.4061899,3
0.7414561,0.1430897,0.1942514,0.190878,0.3386274,0.7383372,0.5014617,0.4061899,0.4099159,0.4068716,1
0.7436424,0.1487411,0.1761206,0.1657876,0.3445735,0.7396489,0.5030532,0.4068716,0.4105079,0.403081,1
0.7480181,0.1554099,0.1855167,0.1744861,0.3327681,0.742504,0.5067773,0.403081,0.4097843,0.4064972,2
0.7527598,0.1641674,0.1949795,0.1830673,0.324977,0.7455549,0.5093455,0.4064972,0.4134924,0.4106931,2
0.7527598,0.1641674,0.1736771,0.1546088,0.324977,0.7455549,0.5093455,0.4106931,0.4106931,0.4035843,0
0.7527598,0.1641674,0.1450375,0.1274311,0.324977,0.7455549,0.5093455,0.4035843,0.4035843,0.3956105,0
0.7572696,0.1727376,0.153488,0.1370765,0.3142036,0.7484246,0.5118875,0.3956105,0.4024508,0.3992982,2
0.7599669,0.178051,0.1350233,0.1154482,0.3195143,0.7502345,0.5131922,0.3992982,0.4030169,0.3959186,1
0.7599669,0.178051,0.1350233,0.1154482,0.3019318,0.7502345,0.5131922,0.3959186,0.3959186,0.3934068,0
0.7620401,0.1833035,0.1173837,0.09554311,0.3094175,0.7515038,0.5147127,0.3934068,0.397243,0.3905578,1
0.7641359,0.1863101,0.1214748,0.1007383,0.2946861,0.752878,0.5161852,0.3905578,0.3938321,0.3909155,1
0.7713738,0.2024444,0.1169796,0.09156266,0.3127934,0.7577384,0.5196573,0.3909155,0.4026845,0.3960785,3
0.7361702,0.2018296,0.1250975,0.1018956,0.3253881,0.7598785,0.4784394,0.3960785,0.4030643,0.3898141,2
0.7391003,0.2068085,0.1296394,0.1071333,0.3119124,0.7616646,0.479929,0.3898141,0.3936288,0.390884,1
0.7467355,0.2085448,0.14422,0.1223243,0.3296323,0.7663446,0.4847717,0.390884,0.4019063,0.4003676,3
0.7492225,0.1856617,0.1505443,0.1272564,0.3359517,0.7678258,0.4864259,0.4003676,0.4040771,0.4004126,1
0.7492225,0.1856617,0.1505443,0.1272564,0.3359517,0.7678258,0.4864259,0.4004126,0.4004126,0.4004126,0
0.7533054,0.1670842,0.1327584,0.1109795,0.34813,0.7702166,0.4895467,0.4004126,0.4072598,0.396003,2
0.7574803,0.1642941,0.1189755,0.09604777,0.3606329,0.7726549,0.4925878,0.396003,0.402999,0.3946676,2
0.7574803,0.1642941,0.1189755,0.09604777,0.3382172,0.7726549,0.4925878,0.3946676,0.3946676,0.3914654,0
0.7574803,0.1642941,0.1189755,0.09604777,0.3168173,0.7726549,0.4925878,0.3914654,0.3914654,0.3884082,0
0.766374,0.1812466,0.1381226,0.116561,0.3126583,0.7782232,0.497743,0.3884082,0.402467,0.3987041,4
0.7709678,0.1894542,0.1497287,0.1264505,0.3243463,0.7810508,0.5009332,0.3987041,0.4061331,0.4061331,2
0.7736741,0.1945755,0.1553421,0.1313959,0.3125924,0.7828014,0.5019175,0.4061331,0.4098936,0.4074712,1
0.7755857,0.2046422,0.1339184,0.1148515,0.3237709,0.7839565,0.5046255,0.4074712,0.4140677,0.4059072,2
0.7772827,0.2126,0.1385118,0.1197446,0.3294051,0.7850177,0.5057685,0.4059072,0.4097615,0.4097615,1
0.7347928,0.1914508,0.1435682,0.1247684,0.3347724,0.7867855,0.4621259,0.4097615,0.4135204,0.3968948,1
0.7013979,0.1717478,0.1486846,0.129647,0.3416992,0.7873612,0.4216014,0.3968948,0.4005173,0.3860199,1
0.705643,0.1779564,0.1280275,0.1131289,0.3558725,0.7892172,0.4253161,0.3860199,0.3930115,0.3850231,2
0.7095824,0.1840439,0.1374574,0.1229466,0.3690926,0.7910441,0.4283285,0.3850231,0.3917851,0.3917851,2
0.7208267,0.2059452,0.1625264,0.1469342,0.3675214,0.7966498,0.4362498,0.3917851,0.4093102,0.4052362,5
0.7228836,0.2033321,0.1420661,0.123988,0.3738123,0.7976649,0.4377522,0.4052362,0.4093052,0.4002142,1
0.7228836,0.2033321,0.1420661,0.123988,0.3738123,0.7976649,0.4377522,0.4002142,0.4002142,0.4002142,0
0.7261063,0.1902394,0.128154,0.1078599,0.3866253,0.7991222,0.4404141,0.4002142,0.4077087,0.3969316,2
0.7261063,0.1902394,0.128154,0.1078599,0.3721903,0.7991222,0.4404141,0.3969316,0.3969316,0.3948694,0
0.7261063,0.1658011,0.128154,0.1078599,0.3721903,0.758065,0.4404141,0.3948694,0.3948694,0.385513,0
0.7261063,0.1658011,0.128154,0.1078599,0.3541071,0.758065,0.4404141,0.385513,0.385513,0.3829296,0
0.7261063,0.1658011,0.128154,0.1078599,0.3250677,0.758065,0.4404141,0.3829296,0.3829296,0.3787812,0
0.7352039,0.14844,0.1212918,0.1025518,0.347048,0.763781,0.4466959,0.3787812,0.3928563,0.3807161,4
0.7368599,0.1347768,0.1316692,0.1126086,0.3573307,0.764632,0.4491204,0.3807161,0.3870784,0.3838568,2
0.7376028,0.1303239,0.110552,0.0920471,0.3619613,0.7650447,0.4502426,0.3838568,0.3868242,0.3782535,1
0.7376028,0.1093007,0.0852996,0.06868362,0.3619613,0.7650447,0.4502426,0.3782535,0.3782535,0.368305,0
0.7376028,0.1093007,0.0852996,0.06868362,0.3307798,0.7650447,0.4502426,0.368305,0.368305,0.3638505,0
0.7376028,0.1093007,0.0852996,0.06868362,0.3066624,0.7650447,0.4502426,0.3638505,0.3638505,0.3604052,0
0.7393716,0.1225629,0.0951509,0.07907884,0.2897291,0.7660147,0.4524716,0.3604052,0.3671745,0.3634828,2
0.7393716,0.1019739,0.06950517,0.0564199,0.2897291,0.7660147,0.4524716,0.3634828,0.3634828,0.3536409,0
0.7406313,0.0862423,0.06045162,0.04860299,0.2976534,0.7668697,0.4563141,0.3536409,0.3620953,0.3509665,3
0.741015,0.08797577,0.0647601,0.05326119,0.300305,0.7671539,0.4574037,0.3509665,0.3534516,0.3531249,1
0.754114,0.1113313,0.09221081,0.08501612,0.3231277,0.7762074,0.4665605,0.3531249,0.3726526,0.3726526,6
0.754114,0.1113313,0.09221081,0.08501612,0.3231277,0.7762074,0.4665605,0.3726526,0.3726526,0.3726526,0
0.7571304,0.0949041,0.07083414,0.06711174,0.3284062,0.7782892,0.4683338,0.3726526,0.3763167,0.36643,1
0.7571304,0.0949041,0.07083414,0.06711174,0.3044252,0.7782892,0.4683338,0.36643,0.36643,0.3630041,0
0.7571304,0.07583852,0.07083414,0.06711174,0.3044252,0.7782892,0.4683338,0.3630041,0.3630041,0.3602805,0
0.7661044,0.06023946,0.08420623,0.08372626,0.3183543,0.7845331,0.4725563,0.3602805,0.3714069,0.3671029,3
0.7661044,0.06023946,0.08420623,0.08372626,0.293428,0.7845331,0.4725563,0.3671029,0.3671029,0.3635419,0
0.771751,0.0688126,0.09480672,0.09450257,0.2834947,0.7882634,0.4756798,0.3635419,0.3711056,0.3681873,2
0.7745005,0.07527863,0.09954288,0.09981035,0.288387,0.7900405,0.4769648,0.3681873,0.3720749,0.3720749,1
0.7771347,0.06332392,0.1055994,0.1050719,0.2937009,0.7917179,0.4787131,0.3720749,0.3762306,0.3736088,1
0.7851127,0.07823409,0.1215083,0.1204507,0.3114429,0.7970572,0.4826618,0.3736088,0.3852096,0.3852096,3
0.7851127,0.06006543,0.09716216,0.09556777,0.3114429,0.7970572,0.4826618,0.3852096,0.3852096,0.3755814,0
0.74969,0.04694103,0.1033243,0.1008298,0.3167212,0.7990742,0.442633,0.3755814,0.3794836,0.3656019,1
0.74969,0.04694103,0.07371765,0.07687885,0.3167212,0.7990742,0.442633,0.3656019,0.3656019,0.3579508,0
0.7583175,0.04714935,0.08752485,0.09318565,0.331681,0.7639429,0.4471017,0.3579508,0.3694947,0.3612719,3
0.7583175,0.03060198,0.08752485,0.09318565,0.331681,0.7639429,0.4471017,0.3612719,0.3612719,0.358908,0
0.7583175,0.03060198,0.08752485,0.09318565,0.3079164,0.7639429,0.4471017,0.358908,0.358908,0.355513,0
0.7605579,0.03525025,0.09278335,0.09845591,0.3135601,0.7653193,0.4487837,0.355513,0.3592444,0.3592444,1
0.7657417,0.03217137,0.1024172,0.1089193,0.3256523,0.7685984,0.4526897,0.3592444,0.367546,0.36517,2
0.7735938,0.04590402,0.1195709,0.1239265,0.3406306,0.7741667,0.4592431,0.36517,0.3767194,0.3767194,3
0.7851315,0.04817472,0.1406043,0.1433609,0.3607718,0.7827821,0.4646982,0.3767194,0.3918613,0.3893605,4
0.7851315,0.04817472,0.1406043,0.1433609,0.3607718,0.7827821,0.4646982,0.3893605,0.3893605,0.3893605,0
0.7851315,0.04817472,0.1406043,0.1433609,0.3607718,0.7827821,0.4646982,0.3893605,0.3893605,0.3893605,0
0.7877799,0.05485478,0.1459758,0.1481051,0.3384589,0.7846556,0.4657509,0.3893605,0.39322,0.3893687,1
0.8004271,0.06432964,0.1464489,0.1431531,0.3618096,0.7936407,0.4723685,0.3893687,0.4076135,0.3974539,5
0.8004271,0.06432964,0.1247236,0.1167319,0.3618096,0.7936407,0.4723685,0.3974539,0.3974539,0.3905759,0
0.8004271,0.04689494,0.09828768,0.09167245,0.3618096,0.7936407,0.4723685,0.3905759,0.3905759,0.3807287,0
0.80226,0.05135713,0.1034999,0.09691491,0.3453999,0.7948328,0.4738939,0.3807287,0.3844298,0.3811655,1
0.80226,0.03459453,0.1034999,0.09691491,0.3453999,0.7948328,0.4738939,0.3811655,0.3811655,0.3787709,0
0.80226,0.03459453,0.1034999,0.09691491,0.3453999,0.7948328,0.4738939,0.3787709,0.3787709,0.3787709,0
0.80226,0.03459453,0.1034999,0.09691491,0.3453999,0.7948328,0.4738939,0.3787709,0.3787709,0.3787709,0
0.80226,0.03459453,0.1034999,0.09691491,0.3453999,0.7948328,0.4738939,0.3787709,0.3787709,0.3787709,0
0.8052976,0.04596819,0.09569833,0.08292139,0.3577947,0.7967411,0.4776043,0.3787709,0.3863248,0.3802894,2
0.8052976,0.04596819,0.09569833,0.08292139,0.3375466,0.7967411,0.4776043,0.3802894,0.3802894,0.3773968,0
0.8052976,0.04596819,0.07023931,0.05938927,0.3375466,0.7967411,0.4776043,0.3773968,0.3773968,0.3703981,0
0.8052976,0.02948099,0.07023931,0.05938927,0.3375466,0.7967411,0.4776043,0.3703981,0.3703981,0.3680427,0
0.8233558,0.06313375,0.1078227,0.09769524,0.3453918,0.8103153,0.4881694,0.3680427,0.3948812,0.3908406,7
0.8328006,0.0638352,0.127111,0.1181823,0.36768,0.8172699,0.4936803,0.3908406,0.4055629,0.402937,4
0.8328006,0.0638352,0.127111,0.1181823,0.3409515,0.8172699,0.4936803,0.402937,0.402937,0.3991187,0
0.834871,0.06652205,0.1328612,0.1232364,0.3455879,0.8186561,0.4953203,0.3991187,0.4033122,0.4024364,1
0.834871,0.06652205,0.1328612,0.1232364,0.3455879,0.8186561,0.4953203,0.4024364,0.4024364,0.4024364,0
0.8599147,0.1283741,0.1893227,0.1744794,0.3996426,0.8372271,0.5113582,0.4024364,0.4429027,0.4429027,11
0.8599147,0.1283741,0.1893227,0.1744794,0.3721363,0.8372271,0.5113582,0.4429027,0.4429027,0.4389732,0
0.8599147,0.1283741,0.1893227,0.1744794,0.3721363,0.8372271,0.5113582,0.4389732,0.4389732,0.4389732,0
0.8612372,0.1017034,0.1679933,0.1502152,0.3785107,0.838086,0.5126657,0.4389732,0.4423097,0.4300588,1
0.8629411,0.09041597,0.1728057,0.1548757,0.384102,0.8392246,0.5137717,0.4300588,0.4340067,0.4311624,1
0.8652958,0.1005823,0.1513672,0.1360749,0.3970528,0.8408918,0.5158547,0.4311624,0.4376893,0.4295885,2
0.8652958,0.1005823,0.1513672,0.1360749,0.3716001,0.8408918,0.5158547,0.4295885,0.4295885,0.4259524,0
0.8205807,0.08120731,0.1513672,0.1360749,0.3716001,0.8408918,0.4704796,0.4259524,0.4259524,0.4103145,0
0.8205807,0.08120731,0.1513672,0.1360749,0.3578651,0.8408918,0.4704796,0.4103145,0.4103145,0.4083524,0
0.8205807,0.08120731,0.1513672,0.1360749,0.3578651,0.8408918,0.4704796,0.4083524,0.4083524,0.4083524,0
0.8216714,0.06673733,0.1284869,0.1142324,0.3650118,0.8414822,0.4715075,0.4083524,0.4117246,0.4013042,1
0.8216714,0.06673733,0.1284869,0.1142324,0.3353637,0.8414822,0.4715075,0.4013042,0.4013042,0.3970688,0
0.8300828,0.07930822,0.146785,0.1291718,0.3216973,0.8471031,0.4761368,0.3970688,0.4082875,0.4043264,3
0.8300828,0.07930822,0.146785,0.1291718,0.3038187,0.8471031,0.4761368,0.4043264,0.4043264,0.4017724,0
0.8305792,0.07700367,0.1521174,0.1338437,0.3090644,0.8473891,0.4771409,0.4017724,0.4047914,0.4038769,1
0.8333492,0.0811263,0.1576404,0.1386523,0.2887533,0.8492574,0.478453,0.4038769,0.4074913,0.4038903,1
0.7971333,0.05150987,0.1576404,0.1386523,0.2887533,0.8492574,0.4349792,0.4038903,0.4038903,0.3882751,0
0.7979151,0.06027934,0.1357978,0.1203176,0.2948802,0.8496498,0.4373509,0.3882751,0.3934043,0.3851701,2
0.7984777,0.0710712,0.1435726,0.1280073,0.2806307,0.8500414,0.4396999,0.3851701,0.3902101,0.3873573,2
0.8042513,0.0794023,0.1547459,0.1377159,0.26624,0.8535225,0.444111,0.3873573,0.3949833,0.391427,2
0.8157829,0.09996155,0.1731416,0.156467,0.2853124,0.8605816,0.4508793,0.391427,0.406018,0.406018,4
0.8157829,0.09996155,0.1471584,0.1292199,0.2853124,0.8605816,0.4508793,0.406018,0.406018,0.3984137,0
0.8242593,0.1136567,0.1610612,0.1436421,0.301592,0.8657649,0.4554429,0.3984137,0.4093456,0.4093456,3
0.8349102,0.1283017,0.1832891,0.1621175,0.3007109,0.872384,0.4623733,0.4093456,0.4239074,0.4205838,4
0.8349102,0.1283017,0.1832891,0.1621175,0.3007109,0.872384,0.4623733,0.4205838,0.4205838,0.4205838,0
0.8395529,0.135393,0.1937136,0.1710865,0.3105416,0.8752223,0.4657941,0.4205838,0.4273291,0.4273291,2
0.8423302,0.1061499,0.1982925,0.1754776,0.3148992,0.8769997,0.4675725,0.4273291,0.4306364,0.4259602,1
0.8446988,0.1099516,0.2029956,0.1798241,0.3201801,0.8785266,0.4689356,0.4259602,0.4293018,0.4293018,1
0.8523399,0.08931557,0.1886128,0.1632922,0.3334478,0.8834239,0.4741955,0.4293018,0.4391055,0.4263754,3
0.8648996,0.08898607,0.1894815,0.1563646,0.3595747,0.8915604,0.4811305,0.4263754,0.4434165,0.4331425,5
0.8648996,0.08898607,0.1894815,0.1563646,0.3342544,0.8915604,0.4811305,0.4331425,0.4331425,0.4295253,0
0.8648996,0.08898607,0.1894815,0.1563646,0.3082205,0.8915604,0.4811305,0.4295253,0.4295253,0.4258062,0
0.8671822,0.06270386,0.1604389,0.1334051,0.3130435,0.8930473,0.482808,0.4258062,0.4289336,0.4160899,1
0.8787867,0.08364378,0.1870694,0.1570382,0.3393696,0.9006077,0.4893342,0.4160899,0.4336928,0.4336928,5
0.8542877,0.1115253,0.2235737,0.1921411,0.3786207,0.9121367,0.4594858,0.4336928,0.4624015,0.4473959,8
0.8570328,0.1175301,0.2280856,0.1963015,0.3617024,0.9137566,0.4613533,0.4473959,0.4511795,0.447966,1
0.8570328,0.09722117,0.2280856,0.1963015,0.3617024,0.9137566,0.4613533,0.447966,0.447966,0.4450648,0
0.8657793,0.1147781,0.2227401,0.1822587,0.3832612,0.9186552,0.4672589,0.4450648,0.4584591,0.4506759,4
0.8260532,0.100259,0.2264293,0.1865526,0.3886654,0.9197842,0.4265483,0.4506759,0.4541108,0.4391846,1
0.8260532,0.100259,0.2264293,0.1865526,0.36471,0.9197842,0.4265483,0.4391846,0.4391846,0.4357624,0
0.8283706,0.1041248,0.196864,0.1617666,0.3694961,0.9209168,0.4283669,0.4357624,0.4388132,0.4299866,1
0.8283706,0.1041248,0.196864,0.1617666,0.3694961,0.9209168,0.4283669,0.4299866,0.4299866,0.4299866,0
0.8283706,0.08455589,0.1704552,0.1345243,0.3694961,0.9209168,0.4283669,0.4299866,0.4299866,0.4195265,0
0.8375772,0.1004449,0.1698714,0.1264596,0.3866596,0.9254797,0.4348631,0.4195265,0.4323745,0.4259079,4
0.8057899,0.09191295,0.1828381,0.1410045,0.4000739,0.9293174,0.3981284,0.4259079,0.4356821,0.421295,3
0.8090825,0.09813228,0.1869732,0.1457554,0.3812435,0.9308578,0.399869,0.421295,0.4249678,0.4217019,1
0.8155881,0.08620329,0.1955253,0.1550992,0.3903559,0.9339533,0.4038714,0.4217019,0.4286087,0.4257995,2
0.8155881,0.08620329,0.1955253,0.1550992,0.3903559,0.9339533,0.4038714,0.4257995,0.4257995,0.4257995,0
0.8187951,0.06010343,0.2013223,0.1596882,0.3949728,0.9354872,0.4061055,0.4257995,0.4295135,0.4252107,1
0.8230411,0.06867962,0.2088036,0.1686794,0.3848928,0.9373131,0.4100401,0.4252107,0.4316923,0.4287786,2
0.8230411,0.06264719,0.2088036,0.1686794,0.3848928,0.9373131,0.4100401,0.4287786,0.4287786,0.4279168,0
0.8291527,0.0797921,0.1947691,0.1530523,0.400765,0.9399793,0.4150722,0.4279168,0.4382032,0.4303689,3
0.8291527,0.06154036,0.1653628,0.1254391,0.400765,0.9399793,0.4150722,0.4303689,0.4303689,0.4196159,0
0.8366308,0.06811371,0.1563727,0.1138329,0.4154615,0.9435197,0.4201279,0.4196159,0.4302373,0.4220085,3
0.8376718,0.07233588,0.1385995,0.09386787,0.4214092,0.9439136,0.4222349,0.4220085,0.4253474,0.4185761,1
0.8389902,0.07651071,0.1429691,0.09901103,0.4275233,0.944456,0.4236644,0.4185761,0.421875,0.421875,1
0.8389902,0.07651071,0.1429691,0.09901103,0.3967227,0.944456,0.4236644,0.421875,0.421875,0.4174748,0
0.8389902,0.07028434,0.1429691,0.09901103,0.3967227,0.944456,0.4236644,0.4174748,0.4174748,0.4165854,0
0.8389902,0.06421261,0.120823,0.07538379,0.3967227,0.944456,0.4236644,0.4165854,0.4165854,0.4091789,0
0.8389902,0.06421261,0.120823,0.07538379,0.3761486,0.944456,0.4236644,0.4091789,0.4091789,0.4062397,0
0.8389902,0.06421261,0.120823,0.07538379,0.3761486,0.944456,0.4236644,0.4062397,0.4062397,0.4062397,0
0.8456405,0.0587716,0.1112358,0.06796743,0.3926259,0.9476727,0.4279671,0.4062397,0.4172153,0.4074115,3
0.8133911,0.06629725,0.1169317,0.07355321,0.3970087,0.9491642,0.3887588,0.4074115,0.4119186,0.4007292,1
0.8133911,0.06629725,0.1169317,0.07355321,0.3805352,0.9491642,0.3887588,0.4007292,0.4007292,0.3983759,0
0.8205094,0.08336721,0.1322511,0.08972145,0.3707123,0.9522997,0.3937646,0.3983759,0.4093615,0.4060894,3
0.8205094,0.08336721,0.1322511,0.08972145,0.353819,0.9522997,0.3937646,0.4060894,0.4060894,0.403676,0
0.7899579,0.05745367,0.1376236,0.09504936,0.3597966,0.9537644,0.3521397,0.403676,0.407514,0.392255,1
0.790266,0.0444936,0.1131816,0.07528108,0.361929,0.9538866,0.3537895,0.392255,0.3945627,0.3846896,1
0.790266,0.0444936,0.1131816,0.07528108,0.361929,0.9538866,0.3537895,0.3846896,0.3846896,0.3846896,0
0.790266,0.0444936,0.1131816,0.07528108,0.3327946,0.9538866,0.3537895,0.3846896,0.3846896,0.3805276,0
0.790266,0.0444936,0.1131816,0.07528108,0.3090238,0.9538866,0.3537895,0.3805276,0.3805276,0.3771317,0
0.8007754,0.05780962,0.129776,0.09158047,0.3246832,0.9582166,0.3613087,0.3771317,0.3891643,0.3891643,3
0.8038135,0.06214797,0.1358835,0.09687606,0.3294206,0.9594218,0.3642066,0.3891643,0.39311,0.39311,1
0.8102426,0.07067833,0.1480133,0.1073117,0.3142823,0.9620816,0.3690387,0.39311,0.401022,0.3973784,2
0.8102426,0.07067833,0.1480133,0.1073117,0.2880567,0.9620816,0.3690387,0.3973784,0.3973784,0.3936318,0
0.8102426,0.05291019,0.1229986,0.08290412,0.2880567,0.9620816,0.3690387,0.3936318,0.3936318,0.3840332,0
0.8102426,0.05291019,0.1229986,0.08290412,0.2880567,0.9620816,0.3690387,0.3840332,0.3840332,0.3840332,0
0.8102426,0.05291019,0.1229986,0.08290412,0.2880567,0.9620816,0.3690387,0.3840332,0.3840332,0.3840332,0
0.8330235,0.066378,0.1318484,0.09432828,0.3216777,0.9719356,0.3832085,0.3840332,0.4105252,0.4003429,7
0.8357149,0.04371383,0.1137117,0.07562356,0.3267721,0.9730644,0.3853431,0.4003429,0.4042783,0.3934205,1
0.83826,0.04821225,0.1181899,0.08110411,0.3322141,0.9741284,0.3874612,0.3934205,0.3970814,0.3970814,1
0.8406627,0.05265945,0.1238117,0.08653228,0.3372959,0.9751616,0.3893195,0.3970814,0.4007776,0.4007776,1
0.8406627,0.0246429,0.1003059,0.06331621,0.3372959,0.9751616,0.3893195,0.4007776,0.4007776,0.3901007,0
0.8406627,0.0246429,0.1003059,0.06331621,0.3128038,0.9751616,0.3893195,0.3901007,0.3901007,0.3866018,0
0.845705,0.01813694,0.1118605,0.07450367,0.3228008,0.977318,0.3925823,0.3866018,0.3941132,0.3918439,2
0.8694512,0.05496541,0.1527849,0.1167345,0.3388509,0.9883008,0.4077243,0.3918439,0.421658,0.4184017,8
0.877964,0.07011894,0.1678678,0.1315746,0.3543415,0.9923478,0.41292,0.4184017,0.4295907,0.4295907,3
0.877964,0.07011894,0.1678678,0.1315746,0.3331442,0.9923478,0.41292,0.4295907,0.4295907,0.4265625,0
0.877964,0.07011894,0.1678678,0.1315746,0.3331442,0.9923478,0.41292,0.4265625,0.4265625,0.4265625,0
0.8881082,0.08881629,0.1911383,0.150606,0.3254593,0.9971904,0.4205677,0.4265625,0.4409528,0.4374123,4
0.8908392,0.07385594,0.1947722,0.1552224,0.3307891,0.9985473,0.4222063,0.4374123,0.4407406,0.4380332,1
0.8935552,0.07801374,0.2007409,0.1597838,0.3356552,0.9999021,0.4240548,0.4380332,0.4416722,0.4416722,1
0.8581802,0.06374868,0.2064954,0.1643188,0.342322,1,0.3837124,0.4416722,0.4453136,0.4312539,1
0.8581802,0.06374868,0.1852068,0.1366075,0.342322,1,0.3837124,0.4312539,0.4312539,0.4242539,0
0.825447,0.05252132,0.1897276,0.141401,0.3460729,1,0.3486845,0.4242539,0.4277687,0.4148363,1
0.825447,0.05252132,0.1897276,0.141401,0.3460729,1,0.3486845,0.4148363,0.4148363,0.4148363,0
0.8288191,0.05691957,0.1941779,0.1461156,0.3508037,1,0.3503563,0.4148363,0.4181703,0.4181703,1
0.8288191,0.05691957,0.1708113,0.1194174,0.3508037,1,0.3503563,0.4181703,0.4181703,0.4110182,0
0.8333969,0.07003136,0.1798032,0.1293718,0.3374728,1,0.355863,0.4110182,0.4186046,0.4151342,2
0.8367053,0.07423201,0.1552668,0.1082199,0.3417899,1,0.3579516,0.4151342,0.4184275,0.4105951,1
0.8399821,0.04892174,0.1324808,0.08853077,0.3471054,1,0.3595649,0.4105951,0.4140292,0.4023694,1
0.8399821,0.04892174,0.1324808,0.08853077,0.3265771,1,0.3595649,0.4023694,0.4023694,0.3994368,0
0.8422629,0.05336088,0.1360995,0.09388917,0.3310783,1,0.3616255,0.3994368,0.4026166,0.4026166,1
0.8422629,0.05336088,0.1360995,0.09388917,0.3068799,1,0.3616255,0.4026166,0.4026166,0.3991597,0
0.8422629,0.0364953,0.1360995,0.09388917,0.3068799,1,0.3616255,0.3991597,0.3991597,0.3967503,0
0.8502784,0.0333843,0.1519625,0.1094851,0.324273,1,0.3676617,0.3967503,0.4076775,0.4052922,3
0.8502784,0.0333843,0.1519625,0.1094851,0.2990118,1,0.3676617,0.4052922,0.4052922,0.4016834,0
0.8502784,0.0333843,0.1519625,0.1094851,0.2812195,1,0.3676617,0.4016834,0.4016834,0.3991416,0
0.8502784,0.01753106,0.1519625,0.1094851,0.2812195,1,0.3676617,0.3991416,0.3991416,0.3968769,0
0.8525194,0.02451634,0.156198,0.11459,0.267836,1,0.36934,0.3968769,0.4006843,0.3978571,1
0.8556829,0.01567732,0.1604585,0.1196124,0.2728453,1,0.3712795,0.3978571,0.401616,0.3993651,1
0.8588238,0.0204969,0.1643559,0.1245762,0.2786923,1,0.3732532,0.3993651,0.4028855,0.4028855,1
0.8588238,0.005279128,0.1398168,0.09946875,0.2786923,1,0.3732532,0.4028855,0.4028855,0.3936191,0
0.8600041,0.01021835,0.1438221,0.104564,0.2637169,1,0.3757415,0.3936191,0.3970663,0.3940096,1
0.8600041,0,0.1141645,0.08030917,0.2637169,1,0.3757415,0.3940096,0.3940096,0.384848,0
0.8613114,0.007152528,0.119202,0.08562169,0.2703664,1,0.3782659,0.384848,0.3888457,0.3888457,1
0.8672124,0.0211141,0.1293272,0.09631375,0.282684,1,0.382595,0.3888457,0.3970352,0.3970352,2
0.8702638,0.02295603,0.1120231,0.07777967,0.2879688,1,0.3841795,0.3970352,0.40081,0.3935958,1
0.8368992,0.02595807,0.1162471,0.08322962,0.2924789,1,0.3462151,0.3935958,0.3969383,0.3858611,1
0.838959,0.03494524,0.09521118,0.06468054,0.2965705,1,0.3490046,0.3858611,0.3900481,0.3827673,1
0.8422964,0.03954378,0.1010683,0.07027848,0.2834128,1,0.3514155,0.3827673,0.3865167,0.3840022,1
0.8422964,0.03954378,0.1010683,0.07027848,0.2834128,1,0.3514155,0.3840022,0.3840022,0.3840022,0
0.8432379,0.0463114,0.1049252,0.07575598,0.2645493,1,0.3534873,0.3840022,0.3875683,0.3840382,1
0.8472825,0.04035779,0.09015523,0.06329788,0.2767798,1,0.3582117,0.3840382,0.3915476,0.3822978,2
0.8487698,0.05601216,0.07301787,0.05180037,0.2911171,1,0.3621442,0.3822978,0.3903438,0.3832659,2
0.8584896,0.07531998,0.07139435,0.05076656,0.3091628,1,0.3716772,0.3832659,0.3971338,0.3909729,4
0.8584896,0.07531998,0.07139435,0.05076656,0.3091628,1,0.3716772,0.3909729,0.3909729,0.3909729,0
0.8647559,0.06510354,0.08234033,0.06219841,0.3195646,1,0.375857,0.3909729,0.3983247,0.3956885,2
0.876512,0.08184334,0.1026049,0.08433253,0.3143612,1,0.3843462,0.3956885,0.4097303,0.4062857,4
0.8439831,0.06733249,0.1083791,0.08970639,0.318604,1,0.3455675,0.4062857,0.4097929,0.3962247,1
0.8439831,0.06733249,0.1083791,0.08970639,0.2975926,1,0.3455675,0.3962247,0.3962247,0.393223,0
0.8563281,0.0698958,0.1268612,0.1105948,0.3139306,1,0.3556652,0.393223,0.4074287,0.4047537,4
0.8593968,0.07409798,0.1329459,0.1156636,0.3192142,1,0.3580205,0.4047537,0.408477,0.408477,1
0.8624287,0.07825308,0.1116987,0.09540006,0.324254,1,0.3596332,0.408477,0.4118987,0.4045239,1
0.8624287,0.0600834,0.08303174,0.07157497,0.324254,1,0.3596332,0.4045239,0.4045239,0.3944294,0
0.8624287,0.0600834,0.08303174,0.07157497,0.324254,1,0.3596332,0.3944294,0.3944294,0.3944294,0
0.8777966,0.08116703,0.1070943,0.09852409,0.3271898,1,0.3694049,0.3944294,0.4120699,0.4087395,5
0.844068,0.06883685,0.1120927,0.1037638,0.3320467,1,0.3309693,0.4087395,0.4124501,0.3988253,1
0.844068,0.03990713,0.1120927,0.1037638,0.3320467,1,0.3309693,0.3988253,0.3988253,0.3946925,0
0.8472889,0.04444897,0.1176457,0.1089142,0.3145439,1,0.3327578,0.3946925,0.398349,0.3950856,1
0.8506711,0.04893901,0.1222559,0.1139906,0.3200349,1,0.3347696,0.3950856,0.3986659,0.3986659,1
0.8603274,0.04478676,0.139212,0.1288932,0.3362728,1,0.340992,0.3986659,0.4096861,0.407212,3
0.8659551,0.0537081,0.1505976,0.1385678,0.3463448,1,0.3451766,0.407212,0.4143357,0.4143357,2
0.8736661,0.0689318,0.1673897,0.1527058,0.3341974,1,0.3533375,0.4143357,0.4252898,0.4214612,3
0.8788788,0.07731055,0.1790795,0.1618368,0.3230095,1,0.3586615,0.4214612,0.428409,0.4255395,2
0.8788788,0.07731055,0.1790795,0.1618368,0.3035519,1,0.3586615,0.4255395,0.4255395,0.4227599,0
0.8819834,0.06309054,0.1838789,0.166306,0.3089935,1,0.3602703,0.4227599,0.4261231,0.4235032,1
0.884305,0.03852198,0.1890381,0.1707432,0.3138901,1,0.3623255,0.4235032,0.4268102,0.4226892,1
0.884305,0.03852198,0.1890381,0.1707432,0.2936103,1,0.3623255,0.4226892,0.4226892,0.419792,0
0.886436,0.04307964,0.1705342,0.1467934,0.298603,1,0.364626,0.419792,0.4230879,0.4157246,1
0.8947073,0.05644334,0.1610851,0.1330199,0.3117079,1,0.3697601,0.4157246,0.4257948,0.4181034,3
0.9026007,0.07602309,0.1763815,0.1472842,0.3245941,1,0.3750476,0.4181034,0.4288473,0.4288473,3
0.9026007,0.07602309,0.1763815,0.1472842,0.3024427,1,0.3750476,0.4288473,0.4288473,0.4256828,0
0.9083741,0.07000291,0.1550572,0.1291974,0.3120242,1,0.3780578,0.4256828,0.4328004,0.4218163,2
0.9112316,0.07420389,0.1600688,0.1340449,0.2873799,1,0.3802324,0.4218163,0.4251531,0.4210231,1
0.9138702,0.06018255,0.1637642,0.1388484,0.2918968,1,0.3817116,0.4210231,0.4240642,0.4214676,1
0.9138702,0.06018255,0.1360094,0.1125488,0.2918968,1,0.3817116,0.4214676,0.4214676,0.4137456,0
0.9138702,0.03174017,0.1145841,0.08795515,0.2918968,1,0.3817116,0.4137456,0.4137456,0.4031083,0
0.9138702,0.03174017,0.1145841,0.08795515,0.2624928,1,0.3817116,0.4031083,0.4031083,0.3989077,0
0.9166911,0.03637539,0.1207752,0.09327976,0.2676557,1,0.3838578,0.3989077,0.4026621,0.4026621,1
0.9190046,0.04095758,0.1276403,0.09858522,0.2603786,1,0.3855178,0.4026621,0.4065371,0.4045835,1
0.9190046,0.04095758,0.09872314,0.07460187,0.2603786,1,0.3855178,0.4045835,0.4045835,0.3970262,0
0.8775812,0.02472436,0.09872314,0.07460187,0.2603786,1,0.3461015,0.3970262,0.3970262,0.3831587,0
0.8797368,0.02944001,0.1033529,0.08010528,0.2518933,1,0.3477899,0.3831587,0.3868249,0.3846169,1
0.8829024,0.01821256,0.1097176,0.08552011,0.2568811,1,0.3502111,0.3846169,0.3884763,0.3862064,1
0.8929964,0.03925847,0.132441,0.106592,0.2781206,1,0.3588452,0.3862064,0.4011791,0.4011791,4
0.9006613,0.03803459,0.1466421,0.121793,0.2957177,1,0.3664889,0.4011791,0.4123267,0.4099054,3
0.9006613,0.03803459,0.1466421,0.121793,0.2957177,1,0.3664889,0.4099054,0.4099054,0.4099054,0
0.8593078,0.02194859,0.1466421,0.121793,0.2957177,1,0.3278223,0.4099054,0.4099054,0.3961759,0
0.8593078,0.02194859,0.1466421,0.121793,0.2957177,1,0.3278223,0.3961759,0.3961759,0.3961759,0
0.8627253,0.02669611,0.1504602,0.1267189,0.2688908,1,0.3296322,0.3961759,0.3994069,0.3950176,1
0.8707971,0.04480801,0.1450736,0.1146892,0.2851711,1,0.3365526,0.3950176,0.4063716,0.3995845,3
0.8755682,0.03684434,0.1554181,0.1246549,0.297061,1,0.3415885,0.3995845,0.4068599,0.4044479,2
0.8788401,0.03602357,0.1335629,0.1039285,0.3018045,1,0.3433063,0.4044479,0.4079056,0.399638,1
0.8831636,0.0451436,0.1241311,0.08909574,0.3121628,1,0.3477499,0.399638,0.4065768,0.4002067,2
0.8475271,0.04906812,0.1296808,0.09444043,0.3174684,1,0.3084828,0.4002067,0.4046182,0.3923811,1
0.8530579,0.06459437,0.1406732,0.1049467,0.2969757,1,0.3140262,0.3923811,0.4003361,0.3963249,2
0.8593428,0.08796582,0.1567801,0.1249498,0.2969154,1,0.3221667,0.3963249,0.4104604,0.4068744,4
0.8660846,0.09592344,0.1672893,0.1346759,0.2781458,1,0.3274315,0.4068744,0.4139871,0.4099358,2
0.875687,0.08777902,0.1523628,0.1219247,0.2930192,1,0.335155,0.4099358,0.4205236,0.4094183,3
0.8854077,0.08033162,0.1668903,0.1365237,0.3084294,1,0.341875,0.4094183,0.419826,0.4170654,3
0.9031559,0.1041774,0.1754075,0.1364865,0.3391091,1,0.3545152,0.4170654,0.4373875,0.4304073,6
0.9057314,0.1080005,0.1803037,0.1412604,0.3442794,1,0.35688,0.4304073,0.4337793,0.4337793,1
0.9082587,0.1140441,0.1854652,0.145986,0.327338,1,0.3592252,0.4337793,0.4374891,0.434331,1
0.9142649,0.121437,0.1678944,0.1279234,0.3370295,1,0.3628809,0.434331,0.4409847,0.4330615,2
0.9257748,0.1206944,0.1580705,0.1201908,0.3561419,1,0.3699486,0.4330615,0.4465911,0.4358315,4
0.9257748,0.1206944,0.1580705,0.1201908,0.3561419,1,0.3699486,0.4358315,0.4358315,0.4358315,0
0.9257748,0.1206944,0.1580705,0.1201908,0.3312429,1,0.3699486,0.4358315,0.4358315,0.4322746,0
0.9257748,0.1206944,0.1580705,0.1201908,0.3021387,1,0.3699486,0.4322746,0.4322746,0.4281168,0
0.9257748,0.1206944,0.1580705,0.1201908,0.3021387,1,0.3699486,0.4281168,0.4281168,0.4281168,0
0.93906,0.143013,0.1823885,0.1443849,0.3011095,1,0.3788061,0.4281168,0.4448685,0.4412517,5
0.9491557,0.1401945,0.2006983,0.162755,0.317979,1,0.3851428,0.4412517,0.454115,0.4508465,4
0.9172018,0.1388156,0.2119439,0.1716357,0.3269369,1,0.3468467,0.4508465,0.4572272,0.4447686,2
0.9172018,0.1388156,0.2119439,0.1716357,0.3269369,1,0.3468467,0.4447686,0.4447686,0.4447686,0
0.8810388,0.1173145,0.2119439,0.1716357,0.3269369,1,0.3052647,0.4447686,0.4447686,0.4305907,0
0.8836273,0.1209958,0.2175557,0.1760363,0.305627,1,0.3083826,0.4305907,0.4341258,0.4303178,1
0.8990525,0.1388239,0.2438017,0.1971033,0.3052785,1,0.3187761,0.4303178,0.4465085,0.4432623,5
0.9045184,0.1456961,0.2537519,0.2052278,0.3165548,1,0.3233064,0.4432623,0.4498651,0.4498651,2
0.9076666,0.1291088,0.2311853,0.1789254,0.3222516,1,0.3255988,0.4498651,0.4534882,0.4421052,1
0.8686967,0.09688813,0.2311853,0.1789254,0.3222516,1,0.2886667,0.4421052,0.4421052,0.4266591,0
0.8686967,0.09688813,0.2311853,0.1789254,0.3011662,1,0.2886667,0.4266591,0.4266591,0.4236469,0
0.8686967,0.07771466,0.2095239,0.1503225,0.3011662,1,0.2886667,0.4236469,0.4236469,0.4137272,0
0.8686967,0.07771466,0.2095239,0.1503225,0.2705884,1,0.2886667,0.4137272,0.4137272,0.409359,0
0.8841221,0.08286518,0.2042624,0.1446077,0.2960094,1,0.3001292,0.409359,0.4269629,0.4159994,5
0.8841221,0.05315213,0.1849708,0.1179649,0.2960094,1,0.3001292,0.4159994,0.4159994,0.4051926,0
0.8861509,0.05754323,0.1897808,0.1229685,0.2788465,1,0.3036393,0.4051926,0.4087479,0.4055613,1
0.8861509,0.05754323,0.1897808,0.1229685,0.2545449,1,0.3036393,0.4055613,0.4055613,0.4020897,0
0.8919872,0.06617691,0.1976819,0.1327569,0.2642123,1,0.3075865,0.4020897,0.4086288,0.4086288,2
0.8919872,0.06617691,0.1976819,0.1327569,0.2642123,1,0.3075865,0.4086288,0.4086288,0.4086288,0
0.9181136,0.09579855,0.2065105,0.1458369,0.312628,1,0.3259113,0.4086288,0.4386441,0.429257,9
0.9181136,0.09579855,0.2065105,0.1458369,0.312628,1,0.3259113,0.429257,0.429257,0.429257,0
0.9257827,0.1074145,0.1969462,0.1322363,0.3292517,1,0.3336956,0.429257,0.4394135,0.4321896,3
0.9257827,0.1074145,0.1677087,0.1063564,0.3292517,1,0.3336956,0.4321896,0.4321896,0.4243157,0
0.9257827,0.1074145,0.1677087,0.1063564,0.3099547,1,0.3336956,0.4243157,0.4243157,0.4215589,0
0.9276109,0.09124399,0.1726493,0.1114886,0.3147593,1,0.3362378,0.4215589,0.4248498,0.4219986,1
0.9335786,0.09912979,0.1825829,0.1215544,0.3228076,1,0.3397325,0.4219986,0.4284837,0.4284837,2
0.9423279,0.114391,0.2048086,0.1410698,0.3183407,1,0.3482584,0.4284837,0.4422391,0.4384566,4
0.9423279,0.1071498,0.2048086,0.1410698,0.3183407,1,0.3482584,0.4384566,0.4384566,0.4374222,0
0.9423279,0.1071498,0.2048086,0.1410698,0.2891746,1,0.3482584,0.4374222,0.4374222,0.4332556,0
0.9436563,0.1132028,0.2090994,0.1458429,0.2808603,1,0.3514127,0.4332556,0.4368984,0.4348678,1
0.9436563,0.09313379,0.2090994,0.1458429,0.2808603,1,0.3514127,0.4348678,0.4348678,0.4320008,0
0.9477993,0.07605586,0.1956817,0.1323002,0.2959436,1,0.3592717,0.4320008,0.4413984,0.4295789,3
0.9477993,0.07605586,0.1956817,0.1323002,0.2781671,1,0.3592717,0.4295789,0.4295789,0.4270394,0
0.9477993,0.07605586,0.1956817,0.1323002,0.2781671,1,0.3592717,0.4270394,0.4270394,0.4270394,0
0.9050016,0.05800306,0.1956817,0.1323002,0.2781671,1,0.320899,0.4270394,0.4270394,0.4128647,0
0.9062918,0.05645998,0.1712141,0.1110654,0.2858668,1,0.3238645,0.4128647,0.4165452,0.4078232,1
0.9106071,0.06749384,0.1561375,0.09592555,0.2971933,1,0.328685,0.4078232,0.4155423,0.408006,2
0.9106071,0.06749384,0.1561375,0.09592555,0.2971933,1,0.328685,0.408006,0.408006,0.408006,0
0.9106071,0.04989332,0.1264082,0.07161407,0.2971933,1,0.328685,0.408006,0.408006,0.3977716,0
0.9106071,0.04989332,0.1264082,0.07161407,0.2735571,1,0.328685,0.3977716,0.3977716,0.394395,0
