platform_length,double_jump_frequency,sawblade_spread,sawblade_density,spike_length,trap_frequency,slide_length,Entry Rank,Highest Rank,Final Rank,Score
0.009342404,0.005,0,0,0.005,0.006028069,0.005,0,0.005921513,0.004338639,1
0.02794548,0.01482799,0,0,0.01585481,0.01788463,0.01482799,0.004338639,0.01639289,0.0130487,2
0.03720427,0.004480468,0,0,0.02067236,0.02371393,0.01965734,0.0130487,0.01885505,0.01510405,1
0.05563145,0.01432035,0.01131603,0.01209332,0.03117344,0.03517678,0.02915021,0.01510405,0.02698022,0.02698022,2
0.07392942,0.02612505,0,0.002987502,0.04040375,0.04637465,0.03842658,0.02698022,0.03868984,0.03260671,2
0.08722597,0.03767945,0.009942438,0.01501256,0.05156623,0.05731672,0.02658091,0.03260671,0.04460677,0.04076061,2
0.1142601,0.05122559,0.02581497,0.03255603,0.04668581,0.07327806,0.04050327,0.04076061,0.05761635,0.0549034,3
0.1320892,0.06000147,0.008147351,0.02186723,0.05578684,0.08361669,0.04952163,0.0549034,0.06572973,0.05871864,2
0.1585221,0.05704911,0.02408134,0.03918032,0.07065107,0.09866951,0.06335511,0.05871864,0.07564399,0.07307266,3
0.1672477,0.06139606,0.02880437,0.04482308,0.05683793,0.1035765,0.06763083,0.07307266,0.0783319,0.07575949,1
0.1759278,0.06569389,0.03347324,0.05040184,0.04389855,0.108427,0.07185844,0.07575949,0.08099563,0.07852583,1
0.1845615,0.06994327,0.01415556,0.03317371,0.04839486,0.1132217,0.07603861,0.07852583,0.08373796,0.07706989,1
0.1858208,0.05619349,0.01899265,0.03888435,0.05283999,0.1179614,0.05060867,0.07706989,0.08230613,0.07447162,1
0.1870369,0.04331255,0.02377413,0.04453046,0.05723463,0.1226467,0.02687778,0.07447162,0.07973778,0.07220186,1
0.1956091,0.03123419,0.001862409,0.02767447,0.06157948,0.1272782,0.03156873,0.07220186,0.0774949,0.06811523,1
0.2041323,0.0340771,0.006840968,0.03344703,0.06587523,0.1318568,0.03620592,0.06811523,0.07346193,0.07320505,1
0.2126054,0.03868558,0,0.0173651,0.07012258,0.1363831,0.04079005,0.07320505,0.0785005,0.0737074,1
0.2377091,0.02420733,0.01482799,0.03481389,0.08459566,0.1496366,0.05423104,0.0737074,0.08971599,0.08571737,3
0.2459713,0.01329698,0.01965734,0.04050602,0.08863385,0.1539609,0.05860991,0.08571737,0.09089546,0.08866233,1
0.2623263,0.02293518,0.02915021,0.05168838,0.07835297,0.1624545,0.06721962,0.08866233,0.09905105,0.09630389,2
0.2784535,0.01864562,0.03842658,0.06261663,0.08652245,0.1707587,0.07723455,0.09630389,0.1069385,0.1046654,2
0.2943445,0.02816159,0.04973421,0.07329495,0.09599464,0.1788776,0.08542878,0.1046654,0.1151195,0.1151195,2
0.3021999,0.03283782,0.05416411,0.0785483,0.08010408,0.1828749,0.08945774,0.1151195,0.1199986,0.1171696,1
0.3099937,0.03746048,0.03019395,0.05934676,0.08419216,0.1868281,0.09344214,0.1171696,0.1220288,0.1144939,1
0.3177251,0.04203027,0.03484689,0.06475998,0.08823483,0.1907379,0.09738265,0.1144939,0.1193882,0.1193882,1
0.3253935,0.01887859,0.03944656,0.07011123,0.09223273,0.1946049,0.1012799,0.1193882,0.124231,0.1202782,1
0.340537,0.00175734,0.02070918,0.05639708,0.1019552,0.2022008,0.1100755,0.1202782,0.1303234,0.1190903,2
0.3480123,0.006737108,0.02547094,0.061844,0.1058025,0.2059433,0.1138346,0.1190903,0.1239493,0.1239493,1
0.3554221,0.01165955,0.03017803,0.06722865,0.09006973,0.2096456,0.1175533,0.1239493,0.1287565,0.1259653,1
0.362979,0.02608975,0.0442452,0.08298502,0.1018719,0.2204886,0.09628513,0.1259653,0.1402013,0.1335635,3
0.3702543,0.03078974,0.04873756,0.08812699,0.1057201,0.2240361,0.1001944,0.1335635,0.1382656,0.1382656,1
0.3846053,0.04002879,0.05770293,0.09821902,0.1132916,0.2310058,0.1078853,0.1382656,0.1475341,0.1475341,2
0.3916788,0.04456924,0.03349513,0.07766077,0.1170161,0.2344433,0.1116682,0.1475341,0.1520862,0.1443616,1
0.3986845,0.04905791,0.01092208,0.05850868,0.1207005,0.2378451,0.1154101,0.1443616,0.1489532,0.1415899,1
0.4124895,0.05788271,0.02061458,0.06927906,0.1297951,0.2445325,0.1238919,0.1415899,0.1512122,0.1512122,2
0.4192903,0.06222023,0.004180595,0.05069552,0.1333437,0.2478308,0.1275031,0.1512122,0.1557349,0.1492949,1
0.4260226,0.06650876,0.009132465,0.05620748,0.1159322,0.2510956,0.1310759,0.1492949,0.1538425,0.1508536,1
0.4281284,0.06300827,0.02558812,0.07235432,0.1304648,0.2606685,0.108698,0.1508536,0.1653997,0.1555586,3
0.4347706,0.0496982,0.03029387,0.07761848,0.1340063,0.2638047,0.112472,0.1555586,0.1600363,0.1575235,1
0.4413441,0.05412851,0.03494566,0.08282217,0.1164233,0.2669099,0.1162053,0.1575235,0.1619809,0.1589684,1
0.4478492,0.05850854,0.01227412,0.0633239,0.1201141,0.2699846,0.1198985,0.1589684,0.1634093,0.1559933,1
0.4542858,0.06283898,0,0.04515736,0.1237655,0.2730292,0.1235522,0.1559933,0.1604709,0.1546613,1
0.4731798,0.0504649,0.01482799,0.06167619,0.1356151,0.2819752,0.1358367,0.1546613,0.1690187,0.1647966,3
0.4914961,0.06357991,0.03252256,0.07762439,0.1518027,0.2906519,0.1472514,0.1647966,0.1792756,0.1792756,3
0.4974597,0.0678531,0.03714883,0.08282801,0.1551228,0.2934988,0.1506182,0.1792756,0.1835042,0.1835042,1
0.503357,0.07207821,0.04172218,0.08797178,0.1584092,0.296319,0.1539505,0.1835042,0.1876868,0.1876868,1
0.5091884,0.05819248,0.04624331,0.09305637,0.1616622,0.299113,0.1572488,0.1876868,0.191824,0.1892435,1
0.5149544,0.0625265,0.02280684,0.07285421,0.1648825,0.3018812,0.1605136,0.1892435,0.1933648,0.1857742,1
0.5206555,0.06681157,0.0009610414,0.05403354,0.1680704,0.304624,0.1637454,0.1857742,0.1899377,0.1827002,1
0.5374115,0.07937999,0.01756851,0.0702383,0.164675,0.3126777,0.173248,0.1827002,0.1963299,0.1935998,3
0.5198923,0.08347614,0.02236636,0.07552674,0.1678651,0.3153226,0.1417246,0.1935998,0.197681,0.1894534,1
0.5255375,0.08752675,0.02710908,0.08075447,0.1710233,0.3179438,0.1451485,0.1894534,0.1935776,0.1935776,1
0.5311187,0.09153248,0.03179738,0.08592209,0.1741501,0.3205418,0.148537,0.1935776,0.1976571,0.1976571,1
0.5366364,0.07639637,0.03643195,0.09103027,0.1772461,0.3231169,0.1518906,0.1976571,0.2016923,0.1989641,1
0.5191882,0.06223487,0.04101349,0.09607965,0.1803117,0.3256693,0.1226687,0.1989641,0.2029859,0.1924523,1
0.5304493,0.07076329,0.02941265,0.08037164,0.18953,0.3306954,0.1298784,0.1924523,0.2011775,0.194443,2
0.5359747,0.07495573,0.03407454,0.08554367,0.1674282,0.3331821,0.1334262,0.194443,0.1985191,0.1949407,1
0.541437,0.07910124,0.03868305,0.09065621,0.1468012,0.3356474,0.1369366,0.1949407,0.1990075,0.195609,1
0.546837,0.08320049,0.02371922,0.0706077,0.1501726,0.3380917,0.1404103,0.195609,0.1996659,0.1932913,1
0.5521751,0.08725416,0.009731054,0.05192992,0.1535095,0.3405153,0.1438479,0.1932913,0.1973772,0.1912804,1
0.557452,0.07239472,0,0.03453191,0.1568122,0.3429184,0.1472498,0.1912804,0.1953917,0.187337,1
0.5626683,0.04720633,0.005,0.04022722,0.1600814,0.3453014,0.1506166,0.187337,0.1914948,0.1873002,1
0.5729234,0.05607295,0.01496291,0.05141023,0.1453192,0.349997,0.1572472,0.1873002,0.1955907,0.1925618,2
0.5779617,0.06043095,0.01979071,0.05691405,0.1284991,0.3523214,0.160512,0.1925618,0.1966624,0.1937757,1
0.5623521,0.0689998,0.02928053,0.06771959,0.1382031,0.3569067,0.1327801,0.1937757,0.2022798,0.1937488,2
0.567512,0.04403708,0.03394393,0.07303693,0.1416636,0.3591747,0.1362973,0.1937488,0.1978344,0.1936665,1
0.5726126,0.04853181,0.03855393,0.07829325,0.1211403,0.3614245,0.1397777,0.1936665,0.1977546,0.1943334,1
0.5776545,0.05297538,0.04311122,0.08348918,0.1247807,0.3636563,0.1432218,0.1943334,0.1984127,0.1984127,1
0.5622234,0.04441377,0.05320206,0.093686,0.1337844,0.3680669,0.1166962,0.1984127,0.2068666,0.1960104,2
0.5431608,0.03226725,0.05759259,0.09870481,0.1372911,0.3702461,0.08862649,0.1960104,0.2000725,0.1896984,1
0.5539061,0.01409254,0.04690466,0.08271714,0.1460212,0.3745537,0.09656963,0.1896984,0.1983475,0.1878236,2
0.5591631,0.01893035,0.02483384,0.06320302,0.1494007,0.3766823,0.1004758,0.1878236,0.191983,0.1846699,1
0.5643597,0.008337555,0.004269414,0.04502176,0.1527454,0.3787947,0.1043392,0.1846699,0.1888674,0.1796954,1
0.5694966,0.01324158,0.009220262,0.05059826,0.1330995,0.3808908,0.1081606,0.1796954,0.183952,0.1806725,1
0.5499751,0.002988525,0.01411413,0.05611133,0.1366133,0.382971,0.08063565,0.1806725,0.1849163,0.1747727,1
0.5552772,0,0.01895169,0.06156151,0.1400904,0.3850355,0.08471783,0.1747727,0.179084,0.1779477,1
0.5364907,0.005,0.02373364,0.06694939,0.1435313,0.3870845,0.05871549,0.1779477,0.1822245,0.1745007,1
0.5419471,0.009942438,0.002072687,0.04851411,0.1469364,0.3891181,0.06304359,0.1745007,0.1788177,0.1716535,1
0.5473412,0,0,0.03133319,0.1503065,0.3911366,0.06732283,0.1716535,0.176005,0.1696343,1
0.5293614,0,0.005,0.03706458,0.153642,0.3931401,0.04247179,0.1696343,0.1740106,0.1658114,1
0.5348992,0.005,0.009942438,0.04273128,0.1368143,0.3951289,0.04698437,0.1658114,0.1702328,0.1673572,1
0.5403738,0.009942438,0,0.02602328,0.1402893,0.3971032,0.05144554,0.1673572,0.1717594,0.1664539,1
0.5457859,0,0,0.01036153,0.143728,0.3990631,0.05585601,0.1664539,0.1708679,0.1649706,1
0.5511361,0.005,0.005,0.01632736,0.1471312,0.4010088,0.06021646,0.1649706,0.1694028,0.1694028,1
0.5564249,0.009942438,0,0.001313058,0.1504992,0.4029405,0.06452761,0.1694028,0.1737863,0.1693782,1
0.561653,0.01482799,0,0,0.1538327,0.4048583,0.06879012,0.1693782,0.173763,0.1719946,1
0.566821,0.01965734,0.005,0.006080124,0.1571322,0.4067625,0.07300471,0.1719946,0.1763511,0.1763511,1
0.5719295,0.02443118,0.009942438,0.01209332,0.1603982,0.4086533,0.07717204,0.1763511,0.18066,0.18066,1
0.5819772,0.0200366,0.02159105,0.02390712,0.168424,0.4123835,0.08536766,0.18066,0.1899532,0.1876696,2
0.5869113,0.02480608,0.02634268,0.02972196,0.142509,0.4142349,0.0893973,0.1876696,0.1918558,0.1877033,1
0.5917886,0.01385956,0.03103977,0.0354715,0.1459247,0.4160734,0.09338237,0.1877033,0.1918859,0.1896486,1
0.5707425,0.003569733,0.03568302,0.0411562,0.1493052,0.4178993,0.06681307,0.1896486,0.193811,0.1835956,1
0.5758059,0.008528636,0.01296144,0.02447582,0.152651,0.4197126,0.07104987,0.1835956,0.1878282,0.1807408,1
0.580811,0.00862288,0,0.008917563,0.1559625,0.4215136,0.0752391,0.1807408,0.1850076,0.1787238,1
0.5857585,0.008714174,0,0,0.1592403,0.4233024,0.07938144,0.1787238,0.1830151,0.1794853,1
0.5954813,0.01845718,0.009942438,0.01208062,0.1427645,0.4268363,0.0886677,0.1794853,0.1884232,0.18489,2
0.6002601,0,0,0,0.1461776,0.4285893,0.09266082,0.18489,0.1891126,0.1810983,1
0.578724,0.005,0.005,0.006080124,0.1495555,0.4303308,0.06613856,0.1810983,0.1853658,0.1772613,1
0.5935045,0.01965734,0.01965734,0.02389754,0.1380502,0.4354759,0.07872936,0.1772613,0.1905646,0.1869961,3
0.6031346,0.02915021,0.002474702,0.01380817,0.1476834,0.4388739,0.0868905,0.1869961,0.1957617,0.1888594,2
0.6078255,0.0338151,0.007446211,0.01973574,0.1510458,0.4405483,0.09090327,0.1888594,0.1930457,0.1930457,1
0.6171287,0.04298533,0.01721822,0.03138009,0.1604038,0.4438812,0.09879652,0.1930457,0.2016848,0.2016848,2
0.6216594,0.04749205,0.0220201,0.03711096,0.1462513,0.4455236,0.1026783,0.2016848,0.2057316,0.2032479,1
0.6261385,0.03515454,0.0267668,0.04277713,0.1496284,0.4053949,0.1065177,0.2032479,0.207276,0.1989112,1
0.6350337,0.04651622,0.03760057,0.05390188,0.159691,0.4092115,0.114072,0.1989112,0.2080038,0.2080038,2
0.639361,0.05098272,0.01474893,0.03637515,0.1629311,0.4110851,0.1177881,0.2080038,0.2119563,0.2047532,1
0.6152608,0.05539844,0.01957919,0.04204964,0.1661386,0.4129455,0.08964902,0.2047532,0.208745,0.2001459,1
0.6198129,0.05976408,0,0.02530913,0.169314,0.414793,0.09363131,0.2001459,0.2041899,0.1975178,1
0.6243131,0.06408033,0,0.00969319,0.1724578,0.4166276,0.09756974,0.1975178,0.2015938,0.1978203,1
0.6287619,0.06834789,0.005,0.01566643,0.146334,0.4184497,0.1014649,0.1978203,0.2018945,0.1977178,1
0.6331603,0.07256743,0.009942438,0.02157333,0.1497102,0.4202593,0.1053176,0.1977178,0.2017901,0.2017901,1
0.6375088,0.07673966,0.01482799,0.0274143,0.1530518,0.4220566,0.1091283,0.2017901,0.2058182,0.2058182,1
0.6217648,0.08897918,0.0299707,0.0445101,0.1628737,0.4274286,0.08856111,0.2058182,0.2177915,0.2091555,3
0.6262427,0.07400829,0.03462619,0.05009241,0.1660818,0.4291777,0.09255541,0.2091555,0.2131064,0.2103978,1
0.6306697,0.07816439,0.03922839,0.05561124,0.1692578,0.4309153,0.09650567,0.2103978,0.2143361,0.2143361,1
0.6350464,0.05259386,0.04377798,0.06106714,0.1724021,0.4326413,0.1004125,0.2143361,0.2182317,0.2139916,1
0.643766,0.03283124,0.05272215,0.07177305,0.1785979,0.4360956,0.1088447,0.2139916,0.2218769,0.2178044,2
0.6479949,0.03745398,0.05711813,0.07704388,0.1816503,0.4377879,0.1126172,0.2178044,0.2216666,0.2216666,1
0.6234311,0.04202384,0.06146429,0.08225417,0.184673,0.4394692,0.08480714,0.2216666,0.2254871,0.2168747,1
0.6324163,0.05100774,0.04101443,0.0675396,0.1923224,0.4428341,0.09283417,0.2168747,0.2248429,0.2171384,2
0.6367732,0.05542317,0.04554363,0.072859,0.1952424,0.4444832,0.09678137,0.2171384,0.2210152,0.2210152,1
0.6410809,0.05978853,0.05002121,0.07811736,0.1828089,0.4461219,0.1006852,0.2210152,0.22485,0.2226606,1
0.64534,0.0641045,0.05444785,0.08331531,0.1710906,0.4477502,0.1045464,0.2226606,0.2264749,0.2243707,1
0.6622515,0.05128514,0.07293563,0.1034599,0.1874425,0.454253,0.1195766,0.2243707,0.2401153,0.2358863,4
0.6662741,0.03871138,0.07710373,0.1083662,0.1904092,0.4558309,0.1232337,0.2358863,0.2395593,0.2371327,1
0.6702522,0.04326687,0.08122525,0.113216,0.1781885,0.4573992,0.1268518,0.2371327,0.2407941,0.2386286,1
0.6741865,0.03119134,0.08530087,0.1180101,0.1666682,0.458958,0.1304315,0.2386286,0.2422718,0.237821,1
0.6479723,0.03583285,0.08933125,0.1227491,0.1698383,0.4605073,0.101497,0.237821,0.2414729,0.2325326,1
0.652154,0.04042124,0.07413416,0.1004784,0.1729769,0.4620474,0.1053493,0.2325326,0.2362428,0.2296516,1
0.6605105,0.04944147,0.08461455,0.1102806,0.1621553,0.4651368,0.1129287,0.2296516,0.2375521,0.2350097,2
0.6645525,0.02578923,0.08865254,0.1151084,0.1653706,0.4666493,0.1166571,0.2350097,0.238695,0.2346828,1
0.6685496,0.03049267,0.06239216,0.09336767,0.1685537,0.4681528,0.1203455,0.2346828,0.2383744,0.2302649,1
0.6725027,0.01920117,0.06667875,0.09839014,0.171705,0.4696475,0.1239943,0.2302649,0.2340087,0.2317314,1
0.6764123,0.02398025,0.07091706,0.1033548,0.1748252,0.4711335,0.1276044,0.2317314,0.2354611,0.2354611,1
0.6802792,0.02870444,0.07510778,0.1082623,0.1779145,0.4726109,0.1311761,0.2354611,0.2391507,0.2391507,1
0.6529933,0.03337445,0.07925159,0.1131133,0.1809736,0.4740797,0.109631,0.2391507,0.242801,0.2347738,1
0.6612,0.0425547,0.06184672,0.09595557,0.1892563,0.4769855,0.1171183,0.2347738,0.2425407,0.2349882,2
0.6652343,0.04706633,0.04120959,0.07551559,0.1922056,0.4784293,0.1208017,0.2349882,0.2386893,0.2314946,1
0.6692239,0.05152657,0.02198016,0.05647361,0.1951268,0.4798648,0.1244457,0.2314946,0.2352382,0.2283774,1
0.6731696,0.05593612,0.02672732,0.06191966,0.1726462,0.4812922,0.128051,0.2283774,0.2321594,0.2285346,1
0.646939,0.06029567,0.03142,0.06730344,0.175757,0.4827117,0.0992652,0.2285346,0.2323111,0.2233846,1
0.6511323,0.06460591,0.03605889,0.07262555,0.1788372,0.4841231,0.1031419,0.2233846,0.2272178,0.2272178,1
0.6552786,0.05119481,0.01331181,0.05380069,0.1818873,0.4855267,0.1069762,0.2272178,0.2310097,0.2211395,1
0.6593787,0.05560812,0,0.03628084,0.1849076,0.4869226,0.1107689,0.2211395,0.2250031,0.2191238,1
0.6634332,0.03154093,0.005,0.04195639,0.1878988,0.4883107,0.1145206,0.2191238,0.223013,0.2189515,1
0.6674427,0.03089599,0.009942438,0.04756769,0.1908611,0.4896912,0.1182319,0.2189515,0.2228451,0.2220904,1
0.671408,0.03554089,0,0.03044462,0.193795,0.4910642,0.1219034,0.2220904,0.2259506,0.2205937,1
0.6753296,0.04013262,0.005,0.03618602,0.1967011,0.4924296,0.1255356,0.2205937,0.2244735,0.2244735,1
0.6910481,0.02966388,0.02695911,0.05845126,0.2144788,0.4979569,0.1396845,0.2244735,0.2409372,0.2368918,4
0.6947564,0.03432289,0.03164913,0.06387471,0.1985368,0.4992854,0.1431296,0.2368918,0.2406015,0.2379364,1
0.7059643,0.02023171,0.03191116,0.05553417,0.2092262,0.5033278,0.1532526,0.2379364,0.2498511,0.2399211,3
0.7095138,0.02499896,0.03654443,0.06099094,0.2119879,0.5046281,0.156558,0.2399211,0.2436032,0.2436032,1
0.7130259,0.02971146,0.04112469,0.06638535,0.1962013,0.5059216,0.1598298,0.2436032,0.2472461,0.2446,1
0.7165013,0.03436993,0.04565263,0.07171798,0.1990846,0.5072084,0.1630684,0.2446,0.248229,0.248229,1
0.7199405,0.03897506,0.05012896,0.07698945,0.2019406,0.5084886,0.1662746,0.248229,0.2518197,0.2518197,1
0.723344,0.04352754,0.03872631,0.05786781,0.2047699,0.5097622,0.1694486,0.2518197,0.2553725,0.2496352,1
0.7267125,0.04802808,0.02800972,0.04005077,0.2075729,0.5110293,0.1725911,0.2496352,0.2532162,0.2477135,1
0.7300463,0.05247738,0.03268769,0.04568367,0.1953893,0.5122899,0.1757024,0.2477135,0.2513196,0.2491824,1
0.7333462,0.02862068,0.03731207,0.05125266,0.1982802,0.5135442,0.1787832,0.2491824,0.2527707,0.2487342,1
0.7366125,0.03329165,0.04188355,0.05675827,0.1866239,0.5147921,0.1818338,0.2487342,0.2523308,0.2502565,1
0.7398458,0.03790911,0.04640284,0.06220106,0.1895985,0.5160338,0.1848546,0.2502565,0.2538351,0.2538351,1
0.7430466,0.04247377,0.05087063,0.06758162,0.1925445,0.5172693,0.1878463,0.2538351,0.2573761,0.2573761,1
0.7495131,0.05144748,0.06014193,0.07813837,0.2019682,0.5197676,0.1937436,0.2573761,0.26496,0.26496,2
0.7526179,0.05585792,0.06445391,0.08333609,0.2047972,0.5209846,0.1966501,0.26496,0.2683854,0.2683854,1
0.7556921,0.06021836,0.06871726,0.08847402,0.2075999,0.5221956,0.1995291,0.2683854,0.2717752,0.2717752,1
0.7619186,0.06879198,0.0771008,0.09855064,0.214639,0.5246437,0.2055274,0.2717752,0.2787389,0.2787389,2
0.7649024,0.07300654,0.08122236,0.1035134,0.2173512,0.5258369,0.2083233,0.2787389,0.2820223,0.2820223,1
0.7678574,0.07717385,0.085298,0.1084191,0.1941997,0.5270243,0.2110934,0.2820223,0.2852721,0.2815808,1
0.7707843,0.08129459,0.08932841,0.1132684,0.1741723,0.5282061,0.213838,0.2815808,0.2848316,0.281556,1
0.7736832,0.08536943,0.09331424,0.1180618,0.1554673,0.5293821,0.2165574,0.281556,0.2848052,0.2816908,1
0.7765549,0.08939905,0.07308861,0.09621663,0.1587501,0.5305526,0.2192522,0.2816908,0.2849379,0.2776877,1
0.7793995,0.09338409,0.077255,0.1012063,0.1619997,0.5317175,0.2219226,0.2776877,0.2809835,0.2809835,1
0.7822176,0.09732524,0.08137484,0.1061385,0.1652166,0.5328768,0.224569,0.2809835,0.2842455,0.2842455,1
0.7850094,0.1012231,0.08544879,0.111014,0.1406822,0.5340307,0.2271917,0.2842455,0.2874741,0.2835143,1
0.7877754,0.1050784,0.07417626,0.08956096,0.1441169,0.5351793,0.2297912,0.2835143,0.2867503,0.2808112,1
0.790516,0.07775154,0.07833048,0.09462726,0.147516,0.4922414,0.2323677,0.2808112,0.2840816,0.2733358,1
0.7932316,0.08186583,0.08243832,0.09963524,0.1508801,0.4936005,0.2349215,0.2733358,0.2766533,0.2766533,1
0.7959225,0.05605111,0.08650045,0.1045856,0.1542097,0.4949523,0.2374531,0.2766533,0.2799369,0.2756678,1
0.8041874,0.06897869,0.1011052,0.1190563,0.1639968,0.4560167,0.2455084,0.2756678,0.285989,0.2798356,3
0.8122355,0.08596255,0.09570751,0.1057954,0.1790153,0.4608433,0.2554723,0.2798356,0.2919023,0.2850046,3
0.8147578,0.05987848,0.09962314,0.1106749,0.1820636,0.4623813,0.2578292,0.2850046,0.288188,0.2838869,1
0.8172583,0.03552485,0.1034959,0.1154982,0.1850823,0.4639101,0.2601665,0.2838869,0.2870864,0.2829909,1
0.8197372,0.04011676,0.1073264,0.120266,0.1880717,0.4654299,0.2624846,0.2829909,0.2862047,0.2862047,1
0.8221949,0.04465621,0.1111153,0.1249791,0.1910324,0.4669406,0.2647838,0.2862047,0.2893861,0.2893861,1
0.8246316,0.0491439,0.1148633,0.1296382,0.1939647,0.4684424,0.2670642,0.2893861,0.2925355,0.2925355,1
0.8318332,0.06230332,0.1133164,0.1154713,0.2066567,0.4728872,0.273796,0.2925355,0.3026954,0.2966092,3
0.8341892,0.06659091,0.1027741,0.09374401,0.2094421,0.4743544,0.2760043,0.2966092,0.2996944,0.2938713,1
0.8365256,0.0708302,0.09283046,0.07350125,0.2122019,0.4758132,0.278195,0.2938713,0.2969915,0.2914139,1
0.8388428,0.07502189,0.0967777,0.07875224,0.2149363,0.4772636,0.2803686,0.2914139,0.2945662,0.2945662,1
0.8411411,0.07916666,0.07135206,0.05950925,0.2176458,0.4787058,0.2825252,0.2945662,0.297687,0.2900065,1
0.8434207,0.08326518,0.0755379,0.06492061,0.2203307,0.4801398,0.284665,0.2900065,0.2931828,0.2931828,1
0.8456818,0.08731813,0.06018587,0.04664601,0.2229914,0.4815657,0.2867883,0.2931828,0.2963274,0.2901681,1
0.8503164,0.064891,0.07076409,0.05768603,0.2297291,0.484475,0.2909862,0.2901681,0.2970352,0.2926926,2
0.8525225,0.05146185,0.07495652,0.06311823,0.2323062,0.4858767,0.2930613,0.2926926,0.2958558,0.293329,1
0.8547112,0.03887706,0.06511128,0.04496597,0.2348606,0.4872706,0.2951206,0.293329,0.2964893,0.2887025,1
0.8568826,0.01593889,0.06936722,0.05054311,0.2373926,0.4886568,0.2971645,0.2887025,0.2919196,0.2879922,1
0.8590372,0,0.05473372,0.03321294,0.2399027,0.4900354,0.2991932,0.2879922,0.2912223,0.2823022,1
0.8611749,0.005,0.03525535,0.01710307,0.2423912,0.4914065,0.3012067,0.2823022,0.2856013,0.2790768,1
0.824657,0,0.03985035,0.02299396,0.2448582,0.4927701,0.2638783,0.2790768,0.2824167,0.2698583,1
0.8270729,0,0.04439284,0.02881903,0.2473042,0.4941264,0.2661661,0.2698583,0.2732688,0.2725545,1
0.8294685,0.005,0.04888352,0.03457873,0.2296531,0.4954753,0.2684354,0.2725545,0.2759387,0.2730706,1
0.7993792,0,0.06593978,0.05144868,0.2445168,0.4996632,0.2445775,0.2730706,0.2851023,0.2722179,3
0.8020148,0.005,0.04831954,0.03410493,0.2469657,0.5009827,0.2470259,0.2722179,0.2755896,0.2692019,1
0.8046269,0.009942438,0.05276552,0.03980506,0.2346072,0.5022952,0.2494535,0.2692019,0.2726118,0.2704994,1
0.8072159,0.01482799,0.05716101,0.04544074,0.2229357,0.5036008,0.2518606,0.2704994,0.2738927,0.2718633,1
0.7760844,0.009020932,0.06716175,0.05650034,0.2281868,0.5062533,0.2186279,0.2718633,0.2788468,0.2659765,2
0.7789334,0,0.07139463,0.06194608,0.2307774,0.5075384,0.2213039,0.2659765,0.2694016,0.2674134,1
0.7847672,0.009942438,0.08061502,0.07263861,0.2377195,0.5101975,0.2265841,0.2674134,0.2746378,0.2746378,2
0.7522954,0,0.08469742,0.0778995,0.2402268,0.5114623,0.1920979,0.2746378,0.2779769,0.2655256,1
0.7651079,0,0.1013049,0.0983034,0.2221547,0.5167899,0.2055995,0.2655256,0.2797225,0.2727515,4
0.768061,0,0.07422138,0.07775643,0.224799,0.5180216,0.2083948,0.2727515,0.2761007,0.267322,1
0.770986,0.005,0.04891181,0.05861485,0.2274197,0.5192472,0.2111642,0.267322,0.2707358,0.2630491,1
0.7800566,0.01965734,0.03352962,0.05080409,0.239715,0.5231214,0.2193211,0.2630491,0.2740889,0.2666007,3
0.7828685,0.02443118,0.03814436,0.05631481,0.2181303,0.524322,0.2219908,0.2666007,0.2700395,0.2666003,1
0.7945348,0.04298533,0.02787209,0.05366487,0.2360309,0.5294133,0.2327368,0.2666003,0.2813552,0.2738912,4
0.7972139,0.04749205,0.03255164,0.05914298,0.2385528,0.5305836,0.2352874,0.2738912,0.2772606,0.2772606,1
0.7641796,0.05194744,0.03717757,0.06455852,0.2410529,0.5317483,0.2003479,0.2772606,0.2805956,0.2701446,1
0.7671416,0.03933233,0.04175059,0.06991208,0.2435314,0.5329075,0.2031922,0.2701446,0.2735411,0.2711097,1
0.7700753,0.04388073,0.0462714,0.07520427,0.2216965,0.5340613,0.2060098,0.2711097,0.2744988,0.2710285,1
0.772981,0.02060389,0.05074069,0.08043569,0.2243449,0.5352097,0.2088012,0.2710285,0.2744129,0.2704453,1
0.7758592,0.02536686,0.05515916,0.08560698,0.2269696,0.5363526,0.2115669,0.2704453,0.2738402,0.2738402,1
0.7816191,0.03472944,0.04010791,0.07067912,0.2321495,0.538641,0.2170223,0.2738402,0.2805957,0.273564,2
0.7844165,0.03933046,0.02643869,0.05205117,0.2347053,0.5397681,0.2197129,0.273564,0.2769347,0.2709176,1
0.787188,0.04387888,0.0136401,0.0346918,0.2372387,0.54089,0.2223791,0.2709176,0.2743224,0.2685581,1
0.789934,0.04837542,0.01848312,0.04038531,0.2397501,0.5420068,0.2250214,0.2685581,0.2719937,0.2719937,1
0.7926549,0.05282077,0.00100758,0.0238128,0.2422399,0.5431185,0.2276401,0.2719937,0.2753941,0.2690421,1
0.795351,0.05721563,0,0.008357213,0.2447082,0.5442251,0.2302356,0.2690421,0.27248,0.2685847,1
0.7980228,0.06156069,0.005,0.01434524,0.2471555,0.5453267,0.2328082,0.2685847,0.2720313,0.2720313,1
0.8006706,0.06585666,0.009942438,0.02026684,0.249582,0.5464234,0.2353582,0.2720313,0.2754429,0.2754429,1
0.8032947,0.07010421,0,0.005050595,0.2519881,0.5475151,0.2378859,0.2754429,0.2788198,0.2736912,1
0.8058954,0.07430404,0.005,0.01107515,0.2284868,0.548602,0.2403918,0.2736912,0.2770917,0.2733936,1
0.8084732,0.07845683,0,0,0.2310748,0.549684,0.242876,0.2733936,0.2767915,0.2729378,1
0.7761472,0.07014367,0.009942438,0.01207516,0.2371511,0.5518369,0.209887,0.2729378,0.2801837,0.2667405,2
0.7820745,0.08075068,0.01986573,0.02389673,0.2147482,0.5540806,0.2153731,0.2667405,0.274275,0.2701128,2
0.7848676,0.05500945,0.02463718,0.02971168,0.2174594,0.5551385,0.2180786,0.2701128,0.2735321,0.2692718,1
0.7876349,0.03098247,0.02935384,0.03546133,0.220146,0.5561919,0.2207596,0.2692718,0.2727039,0.2686471,1
0.7992141,0.04924198,0.05312936,0.05779188,0.2118891,0.5607291,0.2321568,0.2686471,0.2842771,0.2805932,4
0.8018512,0.05367748,0.05752071,0.06322286,0.1894456,0.5617585,0.2347125,0.2805932,0.28391,0.2803127,1
0.8044647,0.05806262,0.03332514,0.04508441,0.1923931,0.5627834,0.2372459,0.2803127,0.2836291,0.2761942,1
0.8070551,0.06239811,0.03794222,0.0506602,0.1689361,0.563804,0.2397573,0.2761942,0.2795613,0.2757933,1
0.8096227,0.06668463,0.01506741,0.0333762,0.1720837,0.5648203,0.242247,0.2757933,0.2791625,0.271986,1
0.8121678,0.07092287,0.01989401,0.03908456,0.1752001,0.5658324,0.2447153,0.271986,0.2754024,0.2754024,1
0.7784488,0.04583224,0.02466513,0.0447284,0.1782857,0.5668402,0.215756,0.2754024,0.2787837,0.2649367,1
0.7812757,0.05030653,0.02938147,0.05030823,0.1813412,0.5678438,0.218458,0.2649367,0.2684164,0.2684164,1
0.7840763,0.05472993,0.03404371,0.0558246,0.1586194,0.5688432,0.2211356,0.2684164,0.27186,0.2681818,1
0.7868509,0.05910314,0.03865257,0.06127806,0.1618703,0.5698386,0.2237891,0.2681818,0.2716261,0.2716261,1
0.7896,0.06342686,0.04320874,0.06666919,0.1508495,0.5708298,0.2264187,0.2716261,0.2750345,0.2730004,1
0.7952881,0.07192858,0.0521658,0.07725894,0.1614328,0.5729285,0.2316083,0.2730004,0.280373,0.280373,2
0.7979605,0.07610796,0.02833006,0.05816492,0.1646554,0.5739071,0.2341688,0.280373,0.2836906,0.2761849,1
0.8006088,0.0802406,0.03300436,0.06359164,0.1678456,0.5748817,0.2367069,0.2761849,0.2795542,0.2795542,1
0.8060998,0.08836833,0.01477181,0.05042024,0.1750931,0.5769497,0.2420155,0.2795542,0.2864242,0.2791026,2
0.811488,0.06586182,0.02437628,0.06137928,0.1826862,0.5790002,0.2478811,0.2791026,0.2861612,0.2818104,2
0.8140168,0.07010932,0.01081391,0.04336482,0.1856988,0.5799544,0.2503015,0.2818104,0.2851351,0.2791799,1
0.8192753,0.07846183,0.002099836,0.03178433,0.1936118,0.5819836,0.2556818,0.2791799,0.2864731,0.2804141,2
0.821737,0.05287165,0.00707566,0.03751064,0.1965196,0.582926,0.2580369,0.2804141,0.2837677,0.2795253,1
0.8241777,0.05726593,0,0.02112314,0.1993998,0.5838646,0.2603725,0.2795253,0.2828924,0.2780291,1
0.8265977,0.06161043,0,0.005835265,0.2022529,0.5847996,0.2626889,0.2780291,0.281417,0.2776835,1
0.8289973,0.06590583,0.005,0.01185116,0.2050793,0.585731,0.2649864,0.2776835,0.2810787,0.2810787,1
0.8313769,0.07015283,0.009942438,0.01780047,0.1921659,0.5866588,0.2672652,0.2810787,0.2844394,0.2821946,1
0.8389121,0.08261028,0.02443118,0.03523732,0.1800568,0.5896932,0.2739922,0.2821946,0.2929474,0.2892762,3
0.8412098,0.0866705,0.004511044,0.01900127,0.1830949,0.5906057,0.2761989,0.2892762,0.2925507,0.2858989,1
0.8434888,0.07184874,0.00945911,0.02487098,0.1861036,0.5915147,0.2783882,0.2858989,0.2892159,0.2865249,1
0.8457494,0.07602902,0.01435023,0.03067502,0.1890832,0.5924203,0.2805602,0.2865249,0.2898382,0.2898382,1
0.8479919,0.08016253,0.01918507,0.03641382,0.1920341,0.5933224,0.2827153,0.2898382,0.2931179,0.2931179,1
0.8526562,0.08829199,0.02868872,0.04768991,0.2018209,0.5952348,0.2869756,0.2931179,0.300194,0.300194,2
0.8548438,0.0856559,0.01428654,0.03062456,0.2046513,0.5961263,0.2890811,0.300194,0.3033696,0.2964671,1
0.8570142,0.08311774,0.000816976,0.01471074,0.2074554,0.5970145,0.2911706,0.2964671,0.299689,0.2930429,1
0.8591678,0.0572206,0,0,0.2102334,0.5978995,0.2932443,0.2930429,0.2963076,0.2882522,1
0.8613046,0.03304517,0,0,0.2129859,0.5987812,0.2953023,0.2882522,0.2915743,0.285917,1
0.8252279,0.01050267,0.005,0.006080124,0.2157131,0.5996596,0.2574812,0.285917,0.2892697,0.2742378,1
0.827639,0.01538178,0.009942438,0.01209332,0.1937703,0.6005347,0.2598214,0.2742378,0.2776897,0.274169,1
0.8300299,0.02020477,0.01482799,0.01803994,0.1966766,0.6014067,0.2621424,0.274169,0.2776183,0.2776183,1
0.8324008,0.02497232,0.01965734,0.02392039,0.1995553,0.6022754,0.2644444,0.2776183,0.2810323,0.2810323,1
0.834752,0.02968513,6.355905E-05,0.008443896,0.202407,0.603141,0.2667276,0.2810323,0.2844113,0.2778886,1
0.8396508,0.03894932,0.01130269,0.02034326,0.2099712,0.6049841,0.271818,0.2778886,0.2852885,0.2852885,2
0.8419424,0.0435021,0.01617259,0.02619799,0.1846809,0.6058398,0.274042,0.2852885,0.2886319,0.2846254,1
0.8442155,0.04610547,0.02098648,0.03198713,0.1876742,0.6066926,0.2762482,0.2846254,0.2879725,0.2877014,1
0.85144,0.04219106,0.03509901,0.04895309,0.2005456,0.6094947,0.2827635,0.2877014,0.2982376,0.2957838,3
0.8536372,0.04670684,0.01455978,0.03179978,0.2033879,0.6103344,0.2849014,0.2957838,0.2990212,0.2921896,1
0.8558171,0.05117117,0.01939222,0.03752591,0.2062037,0.6111711,0.2870229,0.2921896,0.295472,0.295472,1
0.85798,0.0274024,0.02416911,0.04318739,0.2089934,0.6120048,0.2891281,0.295472,0.2987211,0.294695,1
0.860126,0.03208733,0.02889114,0.04878473,0.1830365,0.6128356,0.2912173,0.294695,0.297957,0.2938541,1
0.8622553,0.03671858,0.01352642,0.03164083,0.1860457,0.6136636,0.2932906,0.2938541,0.2971216,0.2910202,1
0.8667344,0.02934302,0.02358891,0.04302629,0.1953347,0.6154495,0.2976512,0.2910202,0.2982297,0.2958754,2
0.8688132,0.03400571,0.006221744,0.02627539,0.1982261,0.6162683,0.2996762,0.2958754,0.2991332,0.2927838,1
0.8708763,0.03861501,0,0.01065201,0.2010902,0.6170843,0.3016862,0.2927838,0.2960809,0.2914292,1
0.8729239,0.0431716,0.005,0.01661462,0.1756486,0.6178975,0.3036814,0.2914292,0.2947452,0.2907054,1
0.8363519,0.0476762,0.009942438,0.02251096,0.1787298,0.6187078,0.2667613,0.2907054,0.2940265,0.2829544,1
0.8386706,0.0521295,0.01482799,0.02834144,0.1667463,0.6195154,0.2690258,0.2829544,0.2863274,0.2841796,1
0.8409702,0.05653221,0,0.01259083,0.1699156,0.6203203,0.271272,0.2841796,0.2875392,0.2816573,1
0.8432512,0.06088501,0,0,0.1730535,0.6211224,0.2735003,0.2816573,0.2850492,0.2816875,1
0.8455137,0.0651886,0,0,0.1761603,0.6219217,0.2757109,0.2816875,0.2850822,0.2834993,1
0.8477581,0.0517406,0.005,0.006080124,0.1792365,0.6227184,0.277904,0.2834993,0.2868772,0.2843482,1
0.8524879,0.04539389,0.01482799,0.01803545,0.187621,0.6244447,0.2822387,0.2843482,0.2917717,0.2892928,2
0.8170163,0.02201479,0.01965734,0.02391594,0.190586,0.6252329,0.2493618,0.2892928,0.2926176,0.278255,1
0.8194973,0.02676155,0.02443118,0.02973069,0.1935226,0.6260185,0.2517697,0.278255,0.2816759,0.2816759,1
0.8219571,0.03145384,0.02915021,0.03548012,0.1804334,0.6268015,0.2541574,0.2816759,0.2850616,0.2827762,1
0.8243958,0.03609234,0.006872476,0.01924666,0.1834679,0.6275818,0.2565251,0.2827762,0.286149,0.2791689,1
0.8295304,0.04743395,0,0.009573001,0.1933723,0.62928,0.2612019,0.2791689,0.2869125,0.2814845,2
0.8319054,0.05189,0.005,0.01554757,0.1962824,0.6300522,0.2635116,0.2814845,0.2848842,0.2848842,1
0.836919,0.0606509,0,0.006159272,0.2042115,0.6317362,0.2680746,0.2848842,0.2919614,0.2868216,2
0.8392329,0.06495714,0,0,0.2070196,0.6325003,0.2703285,0.2868216,0.2901728,0.2877198,1
0.841528,0.06921482,0.005,0.006080124,0.1882715,0.633262,0.2725643,0.2877198,0.2910644,0.2879887,1
0.8463733,0.05945304,0.01585671,0.01803667,0.1955283,0.6349233,0.2769827,0.2879887,0.2950411,0.2924506,2
0.8486107,0.06377281,0.004965242,0.0029602,0.1984179,0.6356772,0.2791658,0.2924506,0.295748,0.29051,1
0.8508303,0.06804384,0.00990808,0.009007786,0.2012802,0.6364286,0.2813318,0.29051,0.293833,0.293833,1
0.8530324,0.0722668,0.01479403,0.01498861,0.1748819,0.6371776,0.2834809,0.293833,0.2971223,0.292946,1
0.8577023,0.0805713,0.024398,0.02674441,0.1815177,0.6388244,0.2879967,0.292946,0.2996793,0.2996793,2
0.8220934,0.08465419,0.0291174,0.03252742,0.1845417,0.6395658,0.2505035,0.2996793,0.3029073,0.2918577,1
0.8245311,0.08869173,0.03378268,0.03824535,0.1875363,0.6403049,0.2529018,0.2918577,0.295142,0.295142,1
0.8269481,0.0926846,0.03839452,0.04389869,0.1739559,0.6410417,0.25528,0.295142,0.2983928,0.2960291,1
0.8293447,0.09663343,0.04295364,0.04948795,0.1611858,0.6417761,0.2576384,0.2960291,0.2992697,0.2970029,1
0.8317214,0.1005389,0.04746072,0.05501366,0.1491668,0.6425083,0.2599773,0.2970029,0.300233,0.2980553,1
0.8394003,0.1120015,0.06067678,0.07119962,0.1349413,0.6449981,0.2671604,0.2980553,0.3079561,0.3043397,3
0.8072592,0.1194381,0.07166892,0.08168477,0.144802,0.646603,0.2327906,0.3043397,0.3114527,0.3006067,2
0.8098249,0.1230966,0.05872309,0.06228429,0.148194,0.6473203,0.2353407,0.3006067,0.3037814,0.2978263,1
0.8123682,0.1267162,0.0630511,0.0676639,0.1515512,0.6480353,0.2378687,0.2978263,0.3010364,0.3010364,1
0.8148894,0.1302974,0.06733026,0.07298187,0.1548739,0.6487481,0.2403746,0.3010364,0.3042136,0.3042136,1
0.8202273,0.1373468,0.07768521,0.08342522,0.1436598,0.6503268,0.2453221,0.3042136,0.3109867,0.3082847,2
0.8226808,0.1408162,0.06581447,0.06389814,0.1470637,0.6510327,0.2477641,0.3082847,0.3113886,0.3055814,1
0.8333149,0.1543383,0.05885908,0.06050031,0.163912,0.6543027,0.2573284,0.3055814,0.3195793,0.3117937,4
0.8356586,0.1576326,0.06318556,0.06590033,0.1671097,0.6549967,0.2596698,0.3117937,0.314879,0.314879,1
0.8379829,0.1608935,0.03861064,0.04757481,0.1702754,0.6556886,0.261992,0.314879,0.3179334,0.3104311,1
0.8402882,0.1411822,0.04316729,0.0531223,0.1734096,0.6563784,0.2642952,0.3104311,0.3135404,0.3102633,1
0.8056681,0.1364654,0.04767193,0.05860659,0.1765129,0.6570663,0.2287367,0.3102633,0.3133748,0.3015326,1
0.7729254,0.1319433,0.05212528,0.06402826,0.1795857,0.6577521,0.1950348,0.3015326,0.3047151,0.2933421,1
0.7758042,0.1354693,0.05652803,0.0693879,0.1826285,0.6584359,0.1979291,0.2933421,0.2965975,0.2965975,1
0.7448044,0.1309881,0.06088088,0.0746861,0.1856416,0.6591176,0.1679637,0.2965975,0.2998195,0.2891547,1
0.7479558,0.1266898,0.06518452,0.07992347,0.1886256,0.6597974,0.1711209,0.2891547,0.2924474,0.2913282,1
0.7219558,0.1013467,0.07366231,0.09021436,0.1967149,0.6612823,0.1426652,0.2913282,0.298225,0.2839774,2
0.7253386,0.07426051,0.07782228,0.09527314,0.1995933,0.6619558,0.1460793,0.2839774,0.2873233,0.2829033,1
0.7010515,0.08066031,0.08878248,0.105204,0.2059135,0.6634649,0.1205844,0.2829033,0.2908546,0.2808087,2
0.704653,0.08474221,0.07646412,0.08417721,0.2087059,0.6641321,0.1242308,0.2808087,0.2841898,0.2781579,1
0.7082163,0.08223787,0.06489296,0.06458849,0.2114724,0.6647974,0.1278383,0.2781579,0.2815717,0.2748634,1
0.7117421,0.08630223,0.06915136,0.06994171,0.1981918,0.6654608,0.1314076,0.2748634,0.278317,0.2760282,1
0.7152309,0.09032151,0.07336188,0.07523356,0.1856871,0.6661223,0.1349392,0.2760282,0.2794665,0.2772709,1
0.7186833,0.09429638,0.07752521,0.08046465,0.1886707,0.666782,0.1384338,0.2772709,0.2806937,0.2806937,1
0.7220998,0.0982275,0.08164203,0.08563561,0.1916256,0.6674397,0.1418919,0.2806937,0.2840803,0.2840803,1
0.7254811,0.07134326,0.08571301,0.09074709,0.1945522,0.6680956,0.1453141,0.2840803,0.2874312,0.2830352,1
0.7288276,0.0755292,0.08973882,0.09579974,0.1974511,0.6687496,0.1487008,0.2830352,0.2863996,0.2863996,1
0.7321398,0.0796683,0.07141589,0.07542795,0.2003225,0.6694018,0.1520528,0.2863996,0.2897285,0.2829184,1
0.7354184,0.08376124,0.05432247,0.05644945,0.203167,0.6700522,0.1553704,0.2829184,0.2862896,0.2797916,1
0.7386637,0.08780868,0.0587003,0.06189577,0.1903652,0.6707008,0.1586542,0.2797916,0.2832012,0.2809698,1
0.7100351,0.08519058,0.06302857,0.06727982,0.1933039,0.6713476,0.1279938,0.2809698,0.2843646,0.2740256,1
0.7135418,0.08922218,0.06730799,0.0726022,0.1755432,0.6719925,0.1315615,0.2740256,0.2774918,0.2745388,1
0.6865143,0.08655141,0.07153922,0.07786351,0.1786255,0.6726356,0.1025565,0.2745388,0.2779966,0.2680409,1
0.6944337,0.06418229,0.08258638,0.08819485,0.1857599,0.6740705,0.1101962,0.2680409,0.2756831,0.2713463,2
0.6981057,0.06844869,0.08664686,0.09327687,0.1607242,0.6747079,0.1139541,0.2713463,0.2748404,0.2708378,1
0.6721112,0.07266711,0.09066233,0.0983004,0.1639539,0.6753436,0.08605877,0.2708378,0.2743339,0.2655853,1
0.6760252,0.07683822,0.09463345,0.1032661,0.1671512,0.6759776,0.09008075,0.2655853,0.2691389,0.2691389,1
0.651518,0.06264845,0.09856086,0.1081746,0.1703165,0.6766098,0.06372695,0.2691389,0.2726541,0.2616507,1
0.6286606,0.04936111,0.1024452,0.1130267,0.1734503,0.6772403,0.03911585,0.2616507,0.2652505,0.2547572,1
0.6073574,0.03690731,0.1062872,0.1178229,0.1765532,0.6778691,0.0161615,0.2547572,0.2584364,0.2484227,1
0.6119999,0.04148342,0.1100874,0.1225641,0.1796256,0.6784961,0.02097552,0.2484227,0.252176,0.252176,1
0.6165892,0.04600727,0.1138464,0.1272508,0.182668,0.6791215,0.02573422,0.252176,0.2558882,0.2558882,1
0.6359637,0.06359408,0.09629581,0.1174827,0.1996376,0.682115,0.04422971,0.2558882,0.2713498,0.2627598,4
0.6402805,0.06786712,0.07135114,0.09561748,0.2024885,0.6827307,0.04872225,0.2627598,0.2663603,0.2584368,1
0.6445486,0.07209206,0.04808014,0.07524578,0.2053126,0.6833447,0.05316366,0.2584368,0.2620875,0.2545411,1
0.6534581,0.05082438,0.02902144,0.06112068,0.2116461,0.6847403,0.06189585,0.2545411,0.2621538,0.2503867,2
0.6621713,0.05960931,0.01214775,0.04813898,0.2173222,0.6861303,0.07043187,0.2503867,0.2579967,0.2508502,2
0.6661948,0.06392732,0,0.03102302,0.22001,0.6867354,0.07462803,0.2508502,0.2545976,0.2489312,1
0.6701738,0.06819659,0,0.01503835,0.2226736,0.6873389,0.07877719,0.2489312,0.2527026,0.2488855,1
0.674109,0.04328734,0.005,0.02095225,0.2253132,0.6879408,0.08288006,0.2488855,0.252659,0.2484975,1
0.6780011,0.04779062,0.009942438,0.02680016,0.2052606,0.6885412,0.08693729,0.2484975,0.2522775,0.2490391,1
0.653441,0.05224263,0.01482799,0.03258255,0.208059,0.68914,0.06078928,0.2490391,0.2528074,0.2444403,1
0.634784,0.04373482,0.02460792,0.04394331,0.2138021,0.690504,0.04039157,0.2444403,0.252194,0.2416811,2
0.6391141,0.048233,0.002639393,0.02710993,0.2165219,0.6910977,0.04492788,0.2416811,0.2455359,0.2385205,1
0.6433954,0.05267997,0,0.01141039,0.219217,0.6916899,0.04941247,0.2385205,0.2424132,0.2382579,1
0.6476285,0.05707643,0,0,0.2218877,0.6922806,0.05384603,0.2382579,0.2421548,0.2389599,1
0.6267634,0.0503411,0.009942438,0.01207624,0.2277852,0.6934554,0.03420074,0.2389599,0.2471422,0.2363664,2
0.6311845,0.05476411,0,0,0.2303794,0.6940416,0.0388078,0.2363664,0.2402898,0.2355967,1
0.6355553,0.05913693,0,0,0.2329507,0.6946263,0.04336219,0.2355967,0.2395302,0.2379473,1
0.6184381,0.06773482,0.009942438,0.01208372,0.2400073,0.6959614,0.02431872,0.2379473,0.2461041,0.2383552,2
0.622954,0.07196125,0.01482799,0.01803045,0.2424948,0.6965412,0.02903904,0.2383552,0.2422641,0.2422641,1
0.6274183,0.07614027,0.01965734,0.023911,0.244961,0.6971196,0.03370521,0.2422641,0.2461304,0.2461304,1
0.6318319,0.08027255,0.02443118,0.0297258,0.2474062,0.6976965,0.03831794,0.2461304,0.2499546,0.2499546,1
0.6361955,0.05456284,0.02915021,0.03547529,0.2216315,0.698272,0.04287793,0.2499546,0.2537372,0.2454522,1
0.6593933,0.07595009,0.03075084,0.04000697,0.2410723,0.70181,0.06491122,0.2454522,0.2664685,0.2591278,5
0.6634476,0.08008449,0.008559935,0.02343659,0.2435507,0.7023753,0.06916942,0.2591278,0.2628093,0.2558034,1
0.667457,0.08417279,0,0.007979904,0.2460079,0.7029392,0.07337974,0.2558034,0.259525,0.2545624,1
0.6714221,0.08821567,0.005,0.0139721,0.2484441,0.7035018,0.07754287,0.2545624,0.2582998,0.2582998,1
0.6753436,0.09221379,0.009942438,0.01989786,0.2210544,0.7040629,0.0816595,0.2582998,0.2619971,0.2577392,1
0.6792221,0.09616782,0.01482799,0.02575756,0.2237086,0.7046227,0.08573028,0.2577392,0.2614339,0.2614339,1
0.658753,0.08652554,0.02443118,0.03726966,0.2306525,0.7059089,0.06342334,0.2614339,0.2693699,0.2581377,2
0.6628144,0.09054235,0.02915021,0.04293404,0.2332214,0.7064642,0.06769829,0.2581377,0.2618321,0.2618321,1
0.6802168,0.1061724,0.05263189,0.06491762,0.2441525,0.7092067,0.08657366,0.2618321,0.2776959,0.2776959,4
0.6883616,0.1137341,0.06191754,0.07554175,0.236513,0.7104799,0.09456185,0.2776959,0.2854157,0.2830157,2
0.6920988,0.08585277,0.06620948,0.0807693,0.2390307,0.7110243,0.09849005,0.2830157,0.2864395,0.2819251,1
0.6957958,0.05977591,0.07045307,0.08593676,0.2415266,0.7115674,0.1023752,0.2819251,0.2853617,0.2810615,1
0.7076992,0.07257888,0.08462612,0.1010578,0.2522382,0.7135466,0.1145155,0.2810615,0.2923232,0.2923232,3
0.7112305,0.07675098,0.08866397,0.1059917,0.2261446,0.7140837,0.1182269,0.2923232,0.2956528,0.2915846,1
0.718708,0.08495593,0.06613512,0.08944167,0.2325138,0.7153379,0.1255307,0.2915846,0.2984757,0.2903748,2
0.7260264,0.09297969,0.07457629,0.09950577,0.2248842,0.7165854,0.1326801,0.2903748,0.2973018,0.2953197,2
0.7293673,0.09692528,0.07872604,0.1044576,0.2141429,0.7171155,0.1361984,0.2953197,0.2986135,0.2967047,1
0.7402143,0.09294698,0.0964762,0.1189438,0.2238237,0.7190634,0.1465344,0.2967047,0.3082944,0.305429,3
0.7434114,0.09689293,0.07775661,0.09697554,0.2264531,0.7195878,0.1499085,0.305429,0.3086156,0.3015694,1
0.7465766,0.1007956,0.06029523,0.07650737,0.2290591,0.720111,0.1532481,0.3015694,0.3048025,0.2980847,1
0.7533127,0.1084734,0.04169162,0.06228661,0.2362077,0.7213306,0.1598253,0.2980847,0.3052488,0.2975897,2
0.7599035,0.1159856,0.02890819,0.04919338,0.2419386,0.7225299,0.1662702,0.2975897,0.3043261,0.2978185,2
0.7663813,0.1233371,0.0182743,0.03713069,0.2509459,0.7237451,0.1725868,0.2978185,0.3052265,0.2989145,2
0.7363741,0.1061198,0.02306403,0.04279665,0.2533405,0.7242589,0.1411022,0.2989145,0.3022049,0.2895794,1
0.7396098,0.09003399,0.02779875,0.04839841,0.255715,0.7247716,0.1445325,0.2895794,0.292964,0.2901229,1
0.7501306,0.1018374,0.02670177,0.04148282,0.2670237,0.7266498,0.1553251,0.2901229,0.3014837,0.295593,3
0.7532293,0.1056859,0.03139474,0.04709949,0.2692861,0.7271571,0.1586094,0.295593,0.2989232,0.2989232,1
0.7562975,0.1094927,0.03603392,0.05265238,0.2715303,0.7276632,0.1618604,0.2989232,0.3022186,0.3022186,1
0.7593357,0.1132581,0.04062001,0.05814203,0.2450524,0.7281682,0.1650787,0.3022186,0.3054799,0.3013793,1
0.7623444,0.116983,0.04515372,0.06356902,0.2202826,0.7286722,0.1682647,0.3013793,0.3046405,0.3007528,1
0.7359102,0.09448463,0.05568045,0.07422394,0.2261175,0.7298509,0.1400026,0.3007528,0.307965,0.2937529,2
0.7391506,0.09841368,0.06004289,0.07946663,0.2287264,0.7303512,0.1434443,0.2937529,0.2970851,0.2970851,1
0.7423584,0.07151736,0.06435599,0.08464907,0.2313123,0.7308503,0.1468504,0.2970851,0.3003823,0.2959848,1
0.7491849,0.07983852,0.07560095,0.09482199,0.2411453,0.7320189,0.1535577,0.2959848,0.3037383,0.3037383,2
0.7522929,0.08170588,0.05596159,0.07450856,0.2436231,0.7325144,0.15686,0.3037383,0.3069696,0.299638,1
0.7553703,0.08353433,0.06032085,0.07974798,0.2460796,0.7330089,0.1601287,0.299638,0.3029189,0.3025987,1
0.7584175,0.08758429,0.06463081,0.08492719,0.2485153,0.7335023,0.1633644,0.3025987,0.3058488,0.3058488,1
0.7614352,0.09158939,0.04206216,0.0652946,0.2509303,0.7339947,0.1665675,0.3058488,0.3090652,0.3016963,1
0.7644237,0.08883004,0.04657941,0.07063973,0.253325,0.7344859,0.1697387,0.3016963,0.3049633,0.3040032,1
0.7673833,0.06255805,0.05104519,0.07592357,0.2556997,0.7349761,0.1728782,0.3040032,0.3072468,0.3029234,1
0.7703147,0.06684276,0.05546021,0.08114673,0.2580546,0.7354653,0.1759868,0.3029234,0.3061816,0.3061816,1
0.779957,0.07941015,0.07251849,0.09643243,0.2673371,0.7372819,0.1854621,0.3061816,0.3169141,0.3169141,3
0.7827698,0.08350596,0.07669126,0.1014196,0.269597,0.7377661,0.1884479,0.3169141,0.3200282,0.3200282,1
0.7855565,0.08755624,0.08081739,0.1063494,0.2718386,0.7382493,0.1914049,0.3200282,0.3231103,0.3231103,1
0.7883175,0.06136766,0.08489753,0.1112225,0.2740624,0.7387315,0.1943337,0.3231103,0.326161,0.3218475,1
0.7910532,0.0656658,0.0588834,0.08979021,0.2762685,0.7392127,0.1972346,0.3218475,0.3249152,0.3168726,1
0.7969563,0.04489186,0.03863308,0.07452952,0.2819823,0.7403492,0.2036183,0.3168726,0.3234797,0.3115658,2
0.7996136,0.04937686,0.01745469,0.05561353,0.2841264,0.740827,0.206432,0.3115658,0.314762,0.3076349,1
0.8022471,0.05381082,0,0.0379872,0.2862538,0.7413038,0.2092195,0.3076349,0.3108797,0.3044032,1
0.8048571,0.05819445,0.005,0.04364346,0.2883649,0.7417796,0.2119813,0.3044032,0.3076887,0.3076887,1
0.807444,0.04518782,0.009942438,0.04923562,0.2904599,0.7422543,0.2147178,0.3076887,0.3109404,0.3084631,1
0.8100082,0.04966944,0,0.03205895,0.2925389,0.7427281,0.2174293,0.3084631,0.3117094,0.3063475,1
0.8125499,0.05410009,0,0.01604228,0.2946022,0.7432009,0.2201161,0.3063475,0.3096216,0.3058016,1
0.8150694,0.05848044,0,0.001096628,0.29665,0.7436727,0.2227787,0.3058016,0.3090852,0.3053926,1
0.8175672,0.0628112,0.005,0.007164708,0.2986825,0.7441436,0.2254175,0.3053926,0.3086838,0.3086838,1
0.8200435,0.06709305,0.009942438,0.01316592,0.283903,0.7446135,0.2280326,0.3086838,0.3119415,0.309542,1
0.8311774,0.08374523,0.03465173,0.03648729,0.2988771,0.7470407,0.2382649,0.309542,0.3243206,0.3243206,4
0.8335388,0.05780682,0.01316147,0.02016447,0.300893,0.7475047,0.2407674,0.3243206,0.3274159,0.3162624,1
0.8358806,0.0621452,0,0.004936307,0.3028941,0.7479677,0.2432484,0.3162624,0.3194525,0.3138675,1
0.8382031,0.06643457,0,0,0.3048804,0.7484297,0.2457082,0.3138675,0.3170883,0.314808,1
0.8432674,0.07486905,0.0122874,0.0120842,0.2935094,0.749537,0.2505651,0.314808,0.3222325,0.3194456,2
0.8455298,0.07901553,0.01714597,0.01803092,0.2955654,0.7499959,0.2529629,0.3194456,0.3226066,0.3226066,1
0.847774,0.08311573,0,0.002947291,0.297606,0.7504538,0.2553406,0.3226066,0.3257358,0.3196054,1
0.8526783,0.09118002,0,0,0.3038943,0.7515558,0.2600369,0.3196054,0.3263223,0.3227636,2
0.8548657,0.09514543,0,0,0.3058732,0.7520106,0.2623561,0.3227636,0.3259045,0.3243216,1
0.857036,0.09906722,0,0,0.3078378,0.7524646,0.2646563,0.3243216,0.3274488,0.325866,1
0.8591893,0.08344173,0,0,0.3097881,0.7529176,0.2669378,0.325866,0.3289798,0.3246107,1
0.861326,0.08749273,0,0,0.3117244,0.7533697,0.2692008,0.3246107,0.327742,0.3261591,1
0.8634461,0.09149884,0,0,0.3136467,0.7538209,0.2714457,0.3261591,0.3292769,0.327694,1
0.8280933,0.08874288,0.005,0.006080124,0.3155554,0.7542712,0.2391761,0.327694,0.3307986,0.3195599,1
0.8304804,0.06247659,0.009942438,0.01209332,0.3174505,0.7547206,0.2416708,0.3195599,0.3227276,0.3184049,1
0.8356907,0.04194855,0.02062418,0.02391209,0.324717,0.7558088,0.2465961,0.3184049,0.3254783,0.3213282,2
0.8380147,0.0464671,0.02538692,0.02972688,0.3265482,0.7562551,0.2490274,0.3213282,0.3244895,0.3244895,1
0.8403198,0.05093416,0.03009497,0.03547636,0.3083242,0.7567007,0.2514381,0.3244895,0.3276187,0.3247555,1
0.8453586,0.03130055,0.04032022,0.0467729,0.3157593,0.7577795,0.2561991,0.3247555,0.3317009,0.3276415,2
0.8476042,0.03594081,0.04485734,0.0523295,0.3176529,0.7582221,0.2585499,0.3276415,0.3307367,0.3307367,1
0.8133,0.03515014,0.04934273,0.05782283,0.3195333,0.7586638,0.2224426,0.3307367,0.3338005,0.3223222,1
0.815813,0.03438577,0.03525057,0.04005168,0.3214004,0.7591046,0.2250843,0.3223222,0.3254542,0.3187272,1
0.8183044,0.03364677,0.02206087,0.02348544,0.3232545,0.7595446,0.2277025,0.3187272,0.3219039,0.3154285,1
0.823656,0.03739211,0.03322186,0.03504672,0.327162,0.7605664,0.2334979,0.3154285,0.3222817,0.3215061,2
0.8260804,0.04196268,0.03784013,0.04073622,0.3289763,0.7610035,0.2360419,0.3215061,0.324663,0.324663,1
0.8284844,0.04648106,0.04240558,0.04636135,0.3149146,0.7614398,0.2385637,0.324663,0.3277878,0.3255215,1
0.8308682,0.05094796,0.04691891,0.05192263,0.3016386,0.7618753,0.2410637,0.3255215,0.3286301,0.3264622,1
0.8332321,0.05536408,0.05138083,0.05742061,0.2890923,0.7623099,0.2435421,0.3264622,0.3295548,0.3274774,1
0.7996437,0.04253516,0.05579203,0.06285584,0.2911817,0.7627437,0.2109023,0.3274774,0.3305542,0.3179506,1
0.8022769,0.04704702,0.06015321,0.0682289,0.2705252,0.7631767,0.2136486,0.3179506,0.3211124,0.3178652,1
0.8111119,0.06473079,0.07294357,0.08395428,0.2700902,0.7648448,0.2217383,0.3178652,0.3290561,0.3270591,3
0.813644,0.06899101,0.07711159,0.0890851,0.2588873,0.7652737,0.2243864,0.3270591,0.3301171,0.328197,1
0.8161541,0.07320334,0.08123302,0.09415688,0.2612159,0.7657019,0.2270108,0.328197,0.3312394,0.3312394,1
0.8186425,0.04796128,0.06150161,0.07388368,0.2635254,0.7661293,0.2296118,0.3312394,0.3342509,0.3230365,1
0.8211095,0.05241134,0.06579824,0.07913028,0.234351,0.7665559,0.2321899,0.3230365,0.3261445,0.3216495,1
0.8235555,0.05681085,0.07004645,0.08431658,0.2070011,0.7669817,0.2347453,0.3216495,0.3247634,0.3204939,1
0.8289092,0.06546097,0.08108258,0.09449667,0.2131517,0.7680227,0.2404093,0.3204939,0.3273619,0.3273619,2
0.8341674,0.0739172,0.09188573,0.1044437,0.1902845,0.7690591,0.245969,0.3273619,0.3340894,0.329961,2
0.836504,0.07807432,0.07194677,0.0834721,0.193224,0.7694802,0.2484056,0.329961,0.3329814,0.3258724,1
0.8388214,0.08218502,0.05335913,0.06393481,0.1961354,0.7699005,0.2508215,0.3258724,0.3289426,0.3221654,1
0.8411199,0.08624996,0.03602597,0.04573204,0.1990193,0.7703201,0.2532172,0.3221654,0.3252814,0.3188121,1
0.8433996,0.09026983,0.04061216,0.05130047,0.1841921,0.7707388,0.2555928,0.3188121,0.32197,0.3194437,1
0.845661,0.07521546,0.01755646,0.0339452,0.1871902,0.7711568,0.2579486,0.3194437,0.3225934,0.3126677,1
0.8167457,0.0875053,0.03608456,0.0508365,0.1993667,0.7727832,0.2262979,0.3126677,0.3235452,0.3128028,3
0.819229,0.09151128,0.01333573,0.03354059,0.2022201,0.7731975,0.2289053,0.3128028,0.3160114,0.3088485,1
0.821691,0.09547304,0.01818225,0.03924709,0.2050468,0.7736109,0.2314896,0.3088485,0.3121058,0.3121058,1
0.7917137,0.1032665,0.02770879,0.05045841,0.2123393,0.7746222,0.1991755,0.3121058,0.3188678,0.3084692,2
0.7944183,0.1070995,0.005529137,0.03318747,0.2150725,0.7750331,0.2020307,0.3084692,0.3117168,0.3046244,1
0.7970985,0.1108909,0,0.01708369,0.2177807,0.7754432,0.2048592,0.3046244,0.3079194,0.303308,1
0.7997546,0.1146413,0,0.002057671,0.2204644,0.7758526,0.2076613,0.303308,0.3066213,0.3029188,1
0.8023868,0.09799671,0.005,0.008115187,0.2231239,0.7292308,0.2104375,0.3029188,0.3062394,0.296613,1
0.8049956,0.1018872,0,0,0.2257595,0.7297324,0.2131881,0.296613,0.2999444,0.296509,1
0.8075813,0.08607796,0.005,0.006080124,0.2283717,0.6838528,0.2159135,0.296509,0.299845,0.290411,1
0.8162804,0.09801057,0.02302956,0.02389566,0.2427633,0.6862116,0.2239423,0.290411,0.3020191,0.3020191,3
0.8187677,0.101901,0.02776467,0.02971063,0.217766,0.6868165,0.2265707,0.3020191,0.3052512,0.3013282,1
0.8212336,0.1057488,0.03244545,0.03546029,0.2204498,0.6874197,0.2291756,0.3013282,0.3045619,0.3045619,1
0.8236786,0.1095549,0.0370726,0.04114512,0.1969144,0.6880214,0.2317575,0.3045619,0.3077628,0.3040206,1
0.8019791,0.09791283,0.06257197,0.06857597,0.2221597,0.6920632,0.2078179,0.3040206,0.3227036,0.3075829,5
0.8045915,0.07104899,0.06685653,0.07388348,0.2248039,0.6926529,0.2105926,0.3075829,0.3107407,0.3063471,1
0.8071808,0.04594998,0.07109284,0.07913008,0.2274246,0.6932411,0.2133418,0.3063471,0.3095214,0.3053373,1
0.7841809,0.07018846,0.08882616,0.09948234,0.2384821,0.6963781,0.1872256,0.3053373,0.3194948,0.309252,4
0.7537233,0.07438734,0.09281753,0.1044344,0.2409828,0.6969569,0.154896,0.309252,0.3123897,0.3025998,1
0.7567867,0.07853921,0.09676491,0.1093295,0.2434619,0.6975343,0.1581846,0.3025998,0.3058002,0.3058002,1
0.7598202,0.08264472,0.1006689,0.1141683,0.2459198,0.6981102,0.16144,0.3058002,0.3089674,0.3089674,1
0.7664341,0.09071939,0.07723869,0.09696785,0.2540906,0.6995252,0.1678526,0.3089674,0.3158054,0.3075469,2
0.7693745,0.09468988,0.08135871,0.1019489,0.2282912,0.7000962,0.1710109,0.3075469,0.3107055,0.3066815,1
0.772287,0.09861667,0.05557739,0.08113924,0.2308809,0.7006657,0.1741379,0.3066815,0.3098419,0.3019007,1